Sho to Elb (L),Elb to Wrist (L), Sho to Hip (L),Hip to Knee (L),Knee to Ankle (L),Ankle to Heel (L), Heel to Foot (L),Sho to Elb (R),Elb to Wrist (R), Sho to Hip (R),Hip to Knee (R),Knee to Ankle (R),Ankle to Heel (R), Heel to Foot (R),Track ID,GT_Cluster
0,0,43.636,29.856,51.519,5.883,29.953,21.71,23.966,55.218,29.397,46.703,3.66,35.271,106,7
21.521,25.598,32.999,26.804,0,0,0,18.731,23.148,41.626,0,0,0,0,88,6
21.856,25.18,35.6,24.947,0,0,0,21.621,28.715,43.622,26.327,42.176,3.293,31.406,106,7
0,0,40.537,0,0,5.821,30.032,21.583,27.596,50.358,29.411,59.188,5.191,36.048,106,7
0,0,34.848,36.188,56.523,0,0,20.892,29.209,38.715,30.692,46.463,3.503,33.734,88,6
20.579,24.847,34.577,36.977,50.925,4.118,26.839,22.707,27.498,38.852,32.097,43.873,2.633,31.341,88,6
0,0,36.631,35.075,44.649,0,0,18.49,26.112,43.691,31.965,41.89,0,0,88,6
26.579,22.283,40.088,73.777,51.757,4.558,29.378,23.462,20.476,44.859,34.979,0,0,0,106,7
20.094,26.247,39.846,34.884,42.574,0,0,24.632,27.17,39.946,32.975,43.198,0,0,106,7
22.046,30.042,38.6,33.63,38.768,0,0,0,0,41.14,34.067,40.579,0,0,106,7
25.295,29.96,45.97,35.961,48.268,3.282,38.016,20.578,29.857,50.206,32.86,50.463,2.876,38.323,106,7
28.626,27.49,46.37,38.718,47.248,0,0,21.498,26.154,55.3,34.294,55.532,0,0,106,7
38.865,50.511,85.243,48.224,55.51,8.43,24.907,0,0,61.844,0,0,0,0,1,5
24.784,34.732,48.879,40.898,54.269,0,0,23.995,23.187,53.444,36.788,62.936,0,0,106,7
48.318,0,73.626,64.066,66.924,12.908,38.99,0,0,79.412,0,0,0,0,1,5
32.332,44.846,61.208,40.207,81.1,8.949,42.311,28.138,43.002,69.905,41.915,73.725,4.983,50.322,88,6
35.875,41.724,67.845,54.497,68.621,8.113,33.291,36.099,34.49,86.072,54.597,45.998,11.183,53.631,106,7
32.985,52.131,65.439,0,0,0,0,29.359,48.438,71.21,43.338,68.802,4.047,52.618,88,6
38.745,46.692,66.846,0,0,10.242,38.607,33.672,33.979,78.928,58.792,57.286,6.21,56.332,106,7
34.579,50.815,65.469,0,0,7.333,42.625,31.07,43.884,69.031,47.613,61.571,3.552,53.595,88,6
39.61,0,61.612,55.017,102.254,0,0,32.505,35.506,66.705,49.109,78.365,5.214,54.745,88,6
44.488,47.94,66.018,101.238,96.744,10.401,38.345,39.172,41.415,72.1,56.434,66.089,5.695,55.359,88,6
46.421,53.874,66.46,117.135,93.09,9.303,43.091,44.008,46.895,80.409,58.076,69.974,6.921,57.819,88,6
0,0,70.205,106.818,59.014,11.867,58.539,45.084,33.092,85.336,58.137,88.625,0,0,88,6
55.12,37.927,75.27,59.268,61.249,11.456,45.185,46.701,35.67,88.709,58.721,68.124,0,0,88,6
61.455,38.764,83.48,69.455,61.475,14.449,52.166,47.966,36.666,97.543,66.161,84.054,0,0,88,6
60.15,43.172,84.216,62.688,64.591,16.213,48.332,51.611,40.135,101.997,65.889,88.332,10.896,57.475,88,6
65.151,46.81,91.156,120.834,84.988,12.634,58.796,54.879,41.546,109.372,69.681,171.985,0,0,88,6
69.489,59.8,102.731,102.356,112.214,14.914,50.339,74.014,57.774,118.824,96.764,140.849,17.162,57.489,88,6
0,0,122.791,0,0,0,0,81.394,55.99,128.836,101.867,104.355,15.965,73.311,88,6
0,0,132.87,0,0,20.622,65.166,89.53,61.094,139.131,108.751,103.791,18.322,81.89,88,6
0,0,142.044,0,0,0,0,96.172,70.325,159.327,117.277,117.53,21.318,91.97,88,6
14.257,0,25.925,19.764,40.331,3.489,18.356,12.873,14.464,27.046,17.142,33.365,2.428,21.562,268,8
15.777,22.811,31.595,20.056,44.772,3.457,23.855,14.726,19.155,40.178,20.438,42.707,3.037,26.247,268,8
14.397,16.933,26.22,19.902,22.015,3.737,17.16,15.209,13.539,30.422,21.581,22.926,2.983,18.49,268,8
14.023,21.25,25.387,24.158,29.155,3.647,19.763,15.053,15.036,30.974,21.037,30.458,0,0,268,8
13.259,29.273,28.447,22.384,31.95,0,0,15.779,19.265,33.475,27.219,32.466,3.273,24.926,268,8
0,0,164.934,0,0,0,0,58.75,39.605,167.739,0,0,0,0,529,0
0,0,129.325,0,0,0,0,48.149,0,138.385,104.73,91.626,14.745,52.019,541,0
0,0,124.538,79.028,92.303,14.182,44.795,58.762,47.112,126.547,88.61,97.104,18.672,53.969,541,0
0,0,117.903,0,0,0,0,0,0,125.872,0,0,0,0,547,10
0,0,108.729,0,0,0,0,0,0,132.521,0,0,0,0,547,10
0,0,106.422,77.926,73.641,15.048,35.35,63.08,107.374,112.319,83.173,82.467,19.769,40.473,541,0
0,0,109.163,83.308,88.426,17.392,41.965,70.784,0,112.672,90.913,85.958,15.253,42.581,541,0
0,0,96.97,0,0,0,0,73.033,0,105.868,0,0,0,0,547,10
0,0,101.395,81.582,87.228,16.466,24.01,0,0,103.251,107.39,99.131,16.163,0,541,0
0,0,99.438,77.037,84.113,14.006,32.816,67.768,0,101.72,88.2,76.696,16.793,40.079,541,0
0,0,103.389,79.792,78.107,16.163,30.107,71.17,0,94.136,84.09,74.039,15.055,42.823,541,0
0,0,93.008,78.498,70.68,14.699,29.049,55.9,75.687,99.69,84.298,77.458,16.653,42.656,541,0
38.882,0,56.829,43.168,44.587,5.805,0,33.142,0,55.662,0,0,0,0,582,11
25.276,21.015,36.306,50.629,42.627,5.508,25.356,21.829,18.446,45.891,34.774,40.187,0,0,268,8
0,0,90.834,81.911,73.139,14.092,25.297,55.756,71.209,100.233,79.417,79.763,15.105,43.288,541,0
29.258,0,52.441,40.838,42.764,8.573,21.326,0,0,50.729,0,0,0,0,582,11
22.138,20.576,35.529,42.192,35.906,6.887,23.641,21.812,15.28,42.536,32.921,35.874,0,0,268,8
53.678,0,84.938,0,0,0,0,59.022,95.119,95.894,76.854,74.379,16.517,36.065,541,0
31.406,37.631,58.336,43.718,44.376,9.219,26.726,0,0,60.806,42.418,0,0,0,582,11
72.274,0,99.909,0,0,0,0,0,0,100.356,68.799,81.7,16.301,39.621,541,0
19.21,17.095,38.981,29.963,0,0,0,20.448,19.254,39.005,24.453,0,0,0,421,9
69.147,0,86.653,0,0,13.736,9.288,67.446,0,92.6,67.104,107.418,14.018,32.228,541,0
20.697,18.052,38.437,32.911,41.252,0,0,20.886,19.238,38.363,26.018,43.618,0,0,421,9
0,0,36.417,22.181,51.249,0,0,23.009,16.275,46.304,24.581,44.228,0,0,268,8
23.764,19.823,49.601,32.22,47.527,0,0,23.751,0,45.2,29.217,45.282,0,0,421,9
24.413,22.987,52.419,26.474,40.376,0,0,25.48,0,45.53,25.989,40.739,3.516,32.538,421,9
38.668,25.454,55.729,46.701,51.428,6.359,33.614,32.277,26.364,60.532,44.441,60.922,6.339,34.442,268,8
33.668,33.137,53.998,43.232,48.21,6.955,33.286,32.825,27.28,60.623,45.323,48.129,6.57,38.391,268,8
0,0,124.092,0,0,0,0,71.468,55.708,140.357,84.663,0,0,0,673,12
0,0,117.361,0,0,0,0,75.38,54.725,127.36,103.495,104.787,15.186,47.405,673,12
0,0,59.125,0,0,0,0,36.634,30.343,75.27,51.97,68.175,7.775,41.058,268,8
0,0,63.371,47.008,66.829,11.352,39.331,40.518,39.083,75.072,59.919,52.873,11.16,55.221,268,8
0,0,63.198,0,0,0,0,38.828,35.421,73.176,53.278,53.293,9.558,40.795,268,8
38.436,36.699,64.484,58.95,70.489,9.801,36.308,39.568,30.641,75.901,52.511,64.029,7.606,42.202,268,8
47.548,33.093,65.13,62.063,83.072,12.274,36.876,40.676,32.373,85.71,53.589,71.963,7.685,47.454,268,8
46.369,34.17,62.579,70.641,64.38,12.348,38.591,40.457,30.506,77.458,61.017,64.147,7.326,41.718,268,8
48.058,37.425,65.626,55.114,55.817,13.187,42.835,40.612,33.936,87.542,53.531,53.85,8.634,49.227,268,8
46.348,39.392,67.755,53.53,58.89,10.782,43.573,40.248,35.732,88.093,53.897,60.963,8.05,51.675,268,8
50.205,38.893,67.011,54.335,59.796,0,0,41.379,34.049,96.379,52.695,60.895,0,0,268,8
52.885,36.699,70.903,54.202,62.584,9.059,46.069,44.627,33.513,105.768,56.661,65.053,7.24,55.087,268,8
48.857,39.664,69.405,64.186,0,0,47.147,45.507,37.171,95.547,55.965,61.103,0,0,268,8
49.775,31.599,78.443,53.612,72.517,9.673,31.412,47.344,47.754,88.243,58.114,60.451,4.768,48.256,677,13
0,0,76.526,63.111,68.27,10.009,44.599,50.082,38.108,102.263,57.843,74.995,0,0,268,8
35.33,0,56.417,51.551,0,0,0,51.11,74.643,58.233,0,0,0,0,421,9
38.726,0,75.302,48.89,0,0,0,46.081,46.192,95.334,48.211,0,0,0,677,13
0,0,85.83,57.475,104.361,12.733,59.572,54.609,37.125,128.255,60.5,108.602,6.223,70.751,268,8
0,0,57.214,0,0,6.876,24.102,32.757,24.522,78.777,40.532,54.557,6.183,28.453,421,9
22.155,23.944,50.255,0,0,0,0,22.611,22.463,45.652,39.645,48.71,0,0,894,16
26.445,30.168,54.224,42.351,42.848,4.471,40.427,25.302,26.205,60.986,33.993,57.866,5.453,35.189,894,15
25.217,23.452,61.477,41.625,48.732,0,0,24.951,23.508,70.627,35.117,60.34,0,0,894,15
28.881,24.372,62.935,77.224,41.711,1.584,41.481,27.751,23.399,65.164,37.279,77.91,0,0,894,15
33.424,23.763,54.88,49.155,39.685,5.904,33.915,28.674,23.738,56.977,41.528,77.287,0,0,894,15
31.4,30.231,59.361,50.37,55.214,4.405,43.797,26.545,33.942,59.517,38.246,88.628,0,0,894,15
14.381,14.647,25.399,19.4,25.525,2.424,0,14.955,14.12,26.63,0,0,2.728,0,784,1
39.304,40.091,78.492,55.696,62.827,5.352,50.48,45.666,37.438,71.984,56.723,64.657,7.445,45.52,894,15
44.164,40.236,89.983,62.148,62.499,0,0,49.353,38.599,82.23,60.047,63.201,0,0,894,15
43.401,47.61,96.133,70.26,72.621,0,0,56.419,44.862,86.814,0,0,0,0,894,15
48.751,61.942,102.024,87.322,77.457,10.246,62.021,56.396,58.363,96.848,0,0,0,0,894,15
15.649,0,28.273,21.569,23.489,3.505,12.257,0,0,29.431,0,0,4.003,0,784,1
59.53,55.484,118.438,104.166,0,0,0,0,0,109.267,0,0,0,0,894,15
0,0,34.273,21.54,25.397,3.672,15.979,0,0,35.029,22.084,26.024,4.006,0,837,14
34.466,40.046,84.305,44.703,88.635,0,0,38.257,41.987,79.627,46.392,74.447,7.089,46.647,991,16
18.625,31.275,47.948,26.72,60.088,4.349,28.878,21.65,32.853,40.841,27.579,54.449,4.503,30.27,975,2
18.717,0,38.233,44.237,0,0,0,17.591,40.311,37.345,32.561,49.755,0,0,975,2
0,0,118.537,93.328,91.42,13.842,32.75,0,0,125.891,94.816,107.81,13.266,46.161,1058,4
0,0,114.958,92.631,97.137,16.944,43.019,0,0,118.608,106.777,99.591,19.373,40.209,1058,4
0,0,117.347,90.034,95.814,15.899,38.454,0,0,118.919,107.732,100.338,17.892,33.145,1058,4
0,0,112.801,87.776,83.488,17.339,45.764,86.885,0,120.106,99.617,90.086,16.345,46.62,1058,4
0,0,112.797,0,0,20.362,37.482,73.681,0,126.6,95.316,93.221,14.135,50.218,1058,4
0,0,59.465,0,0,0,0,33.459,25.104,68.263,0,0,0,0,975,2
0,0,114.936,0,0,0,0,0,0,122.845,96.802,93.538,15.207,37.873,1058,4
54.416,68.787,46.897,68.429,62.605,7.053,34.533,41.158,75.701,43.358,69.755,60.27,7.175,36.797,975,2
0,0,110.712,0,0,10.811,25.291,74.702,0,126.068,83.734,87.702,13.083,43.55,1058,4
35.907,0,70.02,46.411,0,0,0,36.954,37.893,66.019,46.335,61.053,0,0,975,2
0,0,116.28,86.465,82.631,10.021,13.421,74.18,0,128.566,99.215,86.568,19.529,28.042,1058,4
33.396,0,72.615,50.688,0,0,0,0,0,66.558,52.086,72.004,0,0,975,2
0,0,105.345,94.055,87.289,9.133,23.315,62.438,75.581,124.886,92.39,87.721,16.843,42.349,1058,4
40.51,0,99.419,52.503,85.616,0,0,0,0,83.763,51.339,71.725,7.557,50.616,975,2
0,0,108.292,0,0,10.671,20.897,66.311,0,122.658,90.863,90.543,18.426,45.789,1058,4
46.068,0,134.795,56.791,127.048,0,0,60.492,0,108.646,59.292,116.557,10.846,53.931,975,2
0,0,120.73,93.581,91.39,15.584,40.71,0,0,123.715,94.806,93.12,19.264,57.354,1058,4
50.053,43.767,141.32,67.938,167.699,13.979,52.791,48.232,102.485,115.587,66.323,129.206,12.83,61.058,975,2
0,0,116.349,0,0,15.372,33.236,75.967,0,123.425,86.605,91.63,15.256,31.801,1058,4
55.505,0,139.679,70.924,158.047,13.481,51.525,60.797,42.194,113.003,67.274,132.813,13.071,59.004,975,2
38.928,36.103,103.677,58.387,60.792,0,0,45.652,46.942,83.83,51.749,61.483,0,0,1066,17
58.45,0,110.438,62.61,0,0,0,65.589,0,107.791,57.082,112.066,0,0,975,2
41.842,39.515,114.002,65.683,64.461,7.785,50.936,47.906,48.727,99.854,51.581,74.351,8.723,37.58,1066,17
54.429,0,91.904,62.931,84.237,8.372,43.126,47.481,64.258,92.384,57.864,94.006,4.514,52.834,975,2
45.452,49.129,132.307,124.055,74.666,8.068,68.436,51.39,56.453,115.419,50.196,88.604,10.319,47.036,1066,17
65.108,95.227,100.743,69.71,130.972,0,0,58.826,102.612,103.53,68.973,113.204,9.933,63.33,975,2
0,0,112.459,88.086,101.958,16.719,22.63,0,0,128.204,121.626,91.398,17.092,19.834,1058,4
0,0,112.862,87.635,88.622,18.03,22.938,0,0,124.872,110.639,89.34,15.945,21.618,1058,4
0,0,110.238,94.21,97.888,13.488,23.85,0,0,116.4,98.747,101.817,9.696,34.063,1058,4
0,0,110.942,92.226,102.754,16.619,0,0,0,114.096,98.22,107.815,8.641,0,1058,4
0,0,98.437,96.369,90.215,12.972,0,62.778,0,105.693,86.066,97.708,0,0,1058,4
0,0,113.787,86.375,102.907,9.543,0,0,0,116.478,89.358,111.663,12.866,0,1058,4
0,0,118.406,84.329,0,0,0,0,0,111.163,0,0,0,0,1058,4
0,0,111.987,95.564,87.709,12.011,21.371,0,0,117.391,95.518,88.112,13.033,31.936,1058,4
0,0,117.096,86.748,151.741,12.503,66.974,0,0,112.991,88.307,156.919,13.299,69.37,1058,4
0,0,126.148,88.553,164.377,12.873,76.601,0,0,114.399,87.688,154.624,11.646,87.415,1058,4
0,0,112.598,91.711,94.412,12.329,0,0,0,115.318,91.143,96.094,14.414,0,1058,4
0,0,105.139,91.566,88.064,15.28,0,0,0,107.062,93.577,89.488,15.952,0,1058,4
0,0,114.021,93.808,88.029,14.541,14.821,55.481,0,114.241,89.577,90.483,8.282,0,1058,4
0,0,116.386,94.394,98.983,15.413,25.875,28.242,0,118.718,96.528,96.231,4.826,0,1058,4
0,0,112.959,92.555,91.55,10.979,17.599,27.119,0,121.016,91.384,96.662,5.878,0,1058,4
55.407,0,112.87,100.096,83.659,17.13,29.995,0,0,124.808,99.486,95.48,5.353,29.805,1058,4
0,0,111.173,93.609,85.574,18.257,0,0,0,114.478,0,0,0,0,1058,4
60.096,0,110.484,91.384,87.375,10.352,19.667,0,0,125.327,91.825,90.544,5.57,25.447,1058,4
62.723,0,114.248,93.414,91.815,14.155,24.236,0,0,119.149,0,0,0,0,1058,4
0,0,114.978,92.17,86.985,13.838,15.409,0,0,116.418,91.315,0,0,0,1058,4
0,0,113.689,101.532,94.151,16.999,21.919,0,0,122.732,92.507,95.615,3.608,22.591,1058,4
25.969,31.241,54.188,43.517,0,0,0,33.697,0,53.161,0,0,0,0,1190,18
25.492,0,51.763,0,0,0,0,32.071,0,54.226,0,0,0,0,1190,18
0,0,59.058,40.987,39.423,6.21,8.969,32.668,0,57.276,37.49,42.895,7.178,11.547,1190,18
24.718,24.063,46.28,28.376,0,0,0,23.6,20.49,48.01,28.014,28.735,0,0,1190,18
27.872,48.055,86.078,37.364,0,0,0,29.429,54.165,87.594,0,0,0,0,1190,18
0,0,44.475,31.749,41.349,0,0,0,0,44.729,34.948,40.805,0,0,1190,18
34.905,47.985,42.828,33.796,35.597,3.686,27.079,21.142,17.365,45.694,34.389,36.36,0,0,1190,18
18.022,0,32.003,30.62,0,0,0,18.149,19.396,31.46,0,0,0,0,1058,4
20.601,24.654,39.044,0,0,0,0,21.969,18.814,41.946,0,0,0,0,1190,18
19.174,0,40.365,30.573,40.276,0,0,21.126,24.203,38.725,30.052,42.411,0,0,1058,4
20.081,26.638,39.063,35.458,38.467,0,0,20.733,20.415,41.181,33.841,37.995,0,0,1190,18
20.512,20.737,45.046,22.79,0,0,0,21.023,21.194,50.411,24.413,36.357,0,0,1190,18
20.846,26.199,51.125,36.041,50.936,0,0,21.912,28.699,50.655,30.432,60.922,6.159,28.502,1058,4
26.278,26.13,55.176,36.525,42.938,0,0,24.936,27.709,59.823,33.526,54.552,0,0,1058,4
22.881,24.889,42.363,34.28,55.767,0,0,28.734,51.795,40.595,29.088,50.802,0,0,1058,4
34.203,54.863,50.558,37.268,57.494,0,0,27.226,0,48.304,35.775,54.798,4.442,37.697,1058,4
42.817,54.58,44.424,37.063,69.923,5.432,43.585,44.735,77.886,46.624,39.951,61.379,4.737,44.707,1058,4
52.247,52.19,47.302,40.417,86.003,0,0,29.023,54.205,50.216,41.959,59.701,4.114,42.078,1058,4
29.13,49.944,42.833,24.776,62.64,0,0,18.904,26.641,44.058,26.251,53.529,3.745,32.433,1072,3
48.594,69.848,49.942,40.159,65.891,0,0,29.414,36.321,50.555,43.849,62.435,4.658,45.719,1058,4
17.78,27.774,37.352,29.717,35.074,0,0,0,0,35.881,27.39,34.496,0,0,1262,3
45.069,75.914,61.56,42.496,55.899,0,0,30.136,35.924,63.403,40.869,72.24,0,0,1058,4
19.519,0,34.37,0,0,0,0,20.471,18.14,38.277,0,0,0,0,1190,18
33.886,52.119,39.807,31.668,50.233,3.873,36.001,27.627,64.509,41.595,31.052,57.572,5.006,33.775,1072,3
17.655,0,61.037,7.174,48.745,4.306,12.582,15.406,10.565,65.169,7.866,46.583,4.531,13.988,1190,18
0,0,103.893,88.177,84.499,13.968,17.239,0,0,107.075,83.643,86.303,10.444,25.371,1268,4
34.449,59.802,46.751,31.618,58.912,4.725,37.313,25.421,63.759,52.426,30.435,68.968,5.848,34.49,1072,3
17.96,0,39.802,27.169,33.021,0,0,17.62,26.857,38.449,26.998,0,0,0,1190,18
20.934,31.095,44.407,30.239,47.981,4.166,29.503,21.468,37.235,42.267,31.353,41.377,3.877,32.706,1262,3
0,0,108.207,87.973,87.116,13.433,13.806,0,0,109.148,82.601,79.951,13.72,0,1268,4
39.332,67.913,50.221,44.704,51.44,4.785,41.328,22.012,39.384,58.359,33.066,85.123,7.452,31.933,1072,3
38.725,65.504,50.914,37.452,56.242,3.289,39.651,22.581,34.826,53.289,33.986,85.611,6.823,32.084,1072,3
0,0,107.316,91.495,80.135,12.802,0,0,0,113.224,0,0,0,0,1268,4
50.562,69.496,56.323,35.78,60.271,4.592,38.212,25.816,33.714,55.64,33.143,86.757,7.81,29.921,1072,3
0,0,105.403,89.616,88.069,11.738,0,0,0,106.346,0,0,0,0,1268,4
51.105,39.136,78.806,57.277,88.334,0,0,0,0,72.669,57.462,74.844,8.174,50.659,1058,4
33.932,0,58.58,36.712,63.838,0,0,28.094,41.827,58.929,35.233,70.251,7.11,41.505,1072,3
26.169,0,60.787,36.296,46.57,5.703,38.764,24.798,35.03,59.812,35.475,52.694,4.438,33.595,1262,3
50.597,34.868,77.779,58.781,84.153,0,0,66.861,0,81.772,60.036,72.023,4.753,50.846,1058,4
26.808,41.876,74.539,37.007,54.754,5.862,38.733,28.451,33.052,73.502,37.061,55.685,4.661,36.685,1262,3
0,0,111.099,83.092,79.478,8.218,22.943,85.646,0,108.935,86.724,75.996,11.803,0,1268,4
0,0,111.758,88.721,94.897,12.683,10.402,0,0,109.94,91.222,95.93,12.241,0,1268,4
55.187,84.209,62.357,44.693,103.902,0,0,30.989,50.242,55.54,51.306,64.976,4.831,56.574,1072,3
71.62,39.717,107.252,92.159,92.573,0,0,79.248,88,110.413,77.532,89.636,0,0,1058,4
61.802,88.219,69.471,44.215,114.804,8.848,47.38,35.55,47.271,62.409,43.759,79.454,5.61,53.147,1072,3
36.051,40.487,71.906,50.445,74.777,5.096,51.287,31.779,46.236,69.311,46.816,82.166,6.661,44.328,1262,3
61.448,92.028,70.753,53.591,58.301,0,0,38.117,48.056,72.441,51.961,60.877,8.944,56.035,1072,3
34.149,48.326,84.211,50.291,86.616,7.05,56.375,36.389,38.356,79.975,50.568,80.354,8.052,56.412,1262,3
54.315,89.001,64.178,54.395,55.64,6.382,51.372,39.402,42.784,64.323,47.589,58.019,6.569,49.071,1072,3
65.191,92.962,76.503,55.805,53.309,5.671,54.446,36.048,42.737,76.727,61.547,80.994,9.235,44.205,1072,3
68.594,98.665,74.269,70.797,60.282,6.851,63.902,34.473,65.946,78.398,70.174,105.425,10.466,49.01,1072,3
48.863,60.919,102.352,72.009,121.763,8.821,62.748,50.871,51.561,90.353,72.491,105.815,9.166,58.026,1262,3
51.211,59.611,104.662,69.487,108.964,7.114,64.547,50.048,59.66,94.963,71.264,101.243,9.699,54.109,1262,3
57.812,61.958,114.046,80.472,118.731,0,0,0,0,103.803,76.867,105.583,7.929,78.016,1262,3
68.218,0,93.505,84.164,76.95,12.556,0,92.866,0,103.86,80.253,84.67,9.585,0,1268,4
0,0,90.207,83.892,78.181,11.256,14.024,68.35,0,103.222,76.654,75.477,11.025,22.213,1268,4
20.607,44.374,50.501,38.469,58.152,0,0,12.855,39.67,50.086,0,0,0,0,1294,19
0,0,91.808,70.087,73.692,10.921,0,66.218,0,93.815,70.667,72.199,0,0,1268,4
68.766,0,95.465,72.899,79.562,6.571,0,81.869,0,95.297,72.667,78.211,10.131,0,1268,4
53.717,87.377,64.355,48.089,87.68,0,0,76.508,56.037,79.918,62.707,56.589,4.515,56.912,1294,19
16.266,0,27.075,20.527,28.101,3.422,0,13.514,13.358,26.594,0,0,3.47,0,837,14
13.052,0,23.729,16.338,18.807,0,0,13.612,10.105,22.743,16.35,17.729,0,0,837,14
14.894,17.516,26.36,20.889,22.119,2.602,5.417,13.689,15.438,26.758,20.43,22.045,2.85,0,837,14
0,0,27.22,22.737,27.275,0,0,0,0,26.302,19.238,0,0,0,837,14
18.21,19.207,33.91,25.673,26.883,3.529,4.909,15.6,0,34.324,25.558,27.186,3.813,0,837,14
0,0,36.594,24.361,32.395,3.709,17.117,17.676,0,36.239,24.495,31.572,3.723,18.436,837,14
22.012,0,41.405,30.235,31.125,5.292,9.948,17.891,24.448,41.802,33.769,30.464,4.492,4.353,837,14
0,0,74.817,62.672,63.53,7.769,0,54.736,0,75.991,60.605,64.898,9.854,0,1641,4
39.561,44.618,87.049,0,0,0,0,0,0,70.642,0,0,0,0,1591,20
0,0,77.663,64.503,69.832,8.993,0,0,0,76.837,63.123,71.111,5.235,0,1641,4
44.128,0,78.836,0,0,0,0,0,0,68.869,0,0,0,0,1591,20
43.979,60.811,85.046,0,0,0,0,0,0,71.316,0,0,0,0,1591,20
47.414,0,75.175,52.216,0,0,0,0,0,66.741,0,0,0,0,1591,20
0,0,84.196,63.642,0,0,0,0,0,84.027,0,0,0,0,1641,4
47.887,0,80.544,62.828,71.451,7.692,0,0,0,84.263,61.242,68.613,0,0,1641,4
0,0,75,56.048,61.039,7.855,0,45.414,0,76.463,53.618,60.017,0,0,1641,4
0,0,76.264,65.096,0,0,0,0,0,76.374,0,0,0,0,1641,4
47.983,41.355,97.96,65.379,66.028,13.442,52.211,0,0,84.181,0,0,0,0,1591,20
0,0,74.137,72.303,71.822,8.727,11.157,58.958,0,77.316,68.795,69.325,6.034,0,1641,4
0,0,73.454,63.575,73.341,8.752,0,44.244,0,77.962,64.54,72.124,11.732,0,1641,4
0,0,77.1,66.558,70.704,6.461,11.885,0,0,78.852,64.342,71.562,8.925,0,1641,4
0,0,80.081,66.5,67.422,7.048,0,0,0,81.507,0,0,0,0,1641,4
20.688,25.072,39.444,27.897,59.366,0,0,18.81,23.063,44.389,28.975,0,0,0,1632,21
0,0,79.921,66.744,59.895,12.001,0,0,0,83.557,63.817,0,0,0,1641,4
0,0,79.46,66.175,0,0,0,0,0,81.075,0,0,0,0,1641,4
52.974,0,77.798,65.842,63.901,7.78,9.988,0,0,77.814,65.119,62.755,5.896,6.657,1641,4
54.751,0,74.872,60.864,56.257,8.858,0,0,0,73.774,60.401,0,0,0,1641,4
45.173,0,72.924,66.545,65.271,7.184,6.592,0,0,77.705,66.466,65.293,4.546,0,1641,4
0,0,73.859,62.371,75.191,8.493,17.569,40.709,0,75.407,64.613,74.313,6.403,0,1641,4
27.318,32.429,55.403,35.092,74.946,0,0,26.858,33.171,63.252,34.548,68.362,0,0,1648,22
0,0,69.781,59.517,66.04,9.286,15.788,37.252,0,71.271,63.144,64.207,9.408,0,1641,4
26.558,0,60.815,38.135,70.028,0,0,26.748,0,71.572,32.402,0,0,0,1648,22
42.563,0,76.184,63.168,70.417,5.642,15.124,57.445,0,76.814,61.145,69.413,8.169,0,1641,4
19.156,0,37.122,28.144,25.814,4.53,4.914,22.731,0,39.068,28.156,26.931,3.854,0,1660,1
47.031,0,74.442,64.243,59.785,9.283,0,54.701,0,75.976,0,0,0,0,1641,4
32.376,28.819,59.125,48.989,79.625,5.815,37.234,29.446,29.678,68.283,44.377,90.966,8.401,29.954,1648,22
31.241,0,58.61,71.926,87.724,0,0,29.339,33.611,72.544,46.409,88.369,0,0,1648,22
29.979,39.379,65.416,60.533,94.704,7.212,43.746,31.798,35.79,65.078,90.139,90.895,7.006,44.302,1648,22
47.584,0,70.423,62.417,57.997,8.654,0,53.175,0,71.741,0,0,0,0,1641,4
20.304,20.614,42.981,28.524,50.082,3.805,28.057,21.43,20.589,40.935,28.984,43.621,0,0,1632,21
21.386,24.627,47.967,28.761,53.067,4.013,33.78,22.856,22.431,43.832,29.068,51.498,0,0,1632,21
33.008,51.922,85.946,49.473,91.735,7.861,49.733,36.91,43.23,84.095,48.1,79.137,6.827,58.121,1648,22
39.602,46.655,84.686,47.344,122.9,9.586,44.391,40.959,45.485,84.733,60.968,79.482,6.702,60.326,1648,22
40.007,39.408,81.632,45.242,107.493,0,0,40.696,41.458,80.583,65.209,78.88,7.692,53.766,1648,22
23.288,36.957,54.852,31.256,81.353,6.284,33.913,25.385,28.348,51.97,33.534,79.476,6.719,32.538,1632,21
46.154,41.452,89.416,53.769,99.38,0,0,47.053,40.468,84.851,62.013,63.696,6.265,55.221,1648,22
45.036,39.878,92.838,59.476,74.821,0,0,44.784,38.755,92.793,62.64,68.108,8.699,50.838,1648,22
48.676,42.553,106.282,64.005,71.771,0,0,45.379,0,115.482,65.37,73.004,9.53,50.511,1648,22
52.836,47.937,116.927,72.61,111.61,8.34,60.1,50.015,52.622,121.97,68.682,110.245,9.209,60.8,1648,22
24.202,38.051,64.468,41.907,69.518,4.734,49.9,31.685,0,64.773,51.399,105.145,8.98,39.103,1591,20
26.296,27.765,59.162,35.466,68.85,4.55,35.281,27.304,46.252,57.141,34.452,61.512,5.111,32.978,1591,20
55.385,93.568,144.314,178.379,131.875,9.83,107.189,57.268,0,152.832,84.544,210.64,19.27,82.675,1648,22
79.644,87.923,147.428,119.877,151.413,20.619,0,74.021,67.574,157.13,0,0,0,0,1673,23
29.508,26.486,53.875,37.484,52.083,4.412,32.614,26.55,27.631,56.583,40.881,52.345,4.42,31.457,1591,20
28.012,34.578,55.668,37.513,69.138,4.83,40.958,25.701,47.57,56.7,37.771,66.376,4.818,38.388,1632,21
80.885,78.132,136.231,116.974,125.414,20.307,0,73.767,80.152,131.625,0,0,0,0,1673,23
30.688,42.05,60.063,40.125,73.023,4.417,46.477,25.501,42.381,59.827,38.106,88.792,6.818,40.334,1632,21
78.845,84.974,142.323,112.863,127.04,10.897,31.203,72.489,95.072,137.389,109.552,126.761,15.573,0,1673,23
33.007,37.204,82.006,44.857,87.701,6.873,48.574,33.85,34.797,79.126,47.608,85.18,0,0,1591,20
29.037,0,71.506,45.198,79.967,0,0,33.763,35.952,73.672,53.236,80.078,0,0,1632,21
38.869,36.059,86.261,43.884,84.313,6.445,50.73,35.782,34.976,84.191,44.198,78.709,0,0,1591,20
83.779,82.681,130.674,108.395,105.515,22.584,44.838,67.501,0,129.607,104.027,111.604,9.389,0,1673,23
29.167,54.259,68.521,44.002,83.194,5.805,49.355,35.171,70.396,64.007,46.579,72.523,0,0,1591,20
80.025,75.53,123.858,101.331,101.864,24.462,0,0,0,124.19,0,0,0,0,1673,23
31.044,57.849,69.236,68.187,81.188,5.602,52.213,34.523,66.2,63.418,58.383,69.405,0,0,1591,20
80.66,69.882,123.078,105.609,113.002,13.476,0,64.583,0,122.538,102.471,117.879,18.728,0,1673,23
37.091,46.799,73.249,54.355,102.296,0,0,40.631,37.853,70.118,51.433,88.38,0,0,1591,20
74.648,80.071,128.889,101.198,106.414,13.986,34.151,62.867,0,128.371,99.421,103.259,9.957,33.618,1673,23
42.223,48.12,85.394,53.47,132.133,0,0,46.537,43.504,78.627,55.753,116.775,0,0,1591,20
74.372,78.226,124.392,102.14,111.292,12.165,42.457,59.548,0,121.86,105.774,104.865,15.376,40.227,1673,23
42.925,46.079,87.397,52.888,130.735,9.829,55.096,45.967,41.545,82.441,53.95,114.171,9.591,58.341,1591,20
72.57,65.838,116,111.559,132.318,17.696,0,67.344,52.86,118.928,0,0,0,0,1673,23
41.626,66.85,89.576,58.111,115.63,0,0,44.478,54.781,87.537,55.091,109.137,8.064,68.514,1591,20
60.6,73.629,123.541,119.854,0,0,0,65.849,83.28,133.563,0,0,0,0,1673,23
46.505,45.414,90.132,60.898,107.262,7.242,67.172,36.222,69.016,87.68,59.641,99.344,8.054,59.711,1591,20
60.773,73.323,103.276,99.433,0,0,0,59.987,88.53,108.416,0,0,0,0,1673,23
48.068,52.814,96.376,64.079,104.622,0,0,53.575,0,97.537,63.037,0,0,0,1591,20
50.73,95.278,114.545,82.215,152.205,11.821,78.33,45.836,110.82,110.49,77.455,229.286,0,0,1648,22
63.022,60.42,107.622,79.648,93.276,10.007,26.588,56.631,67.114,103.909,83.362,90.181,13.169,37.138,1673,23
59.977,84.065,126.371,95.994,209.318,16.698,77.743,64.616,71.748,120.942,103.718,209.557,18.884,66.379,1648,22
64.179,68.49,107.057,95.066,100.725,17.502,30.353,53.364,51.376,105.778,93.058,103.156,10.045,0,1673,23
64.184,75.888,125.156,90.44,158.994,0,0,67.788,87.528,122.716,133.403,120.347,12.581,94,1591,20
61.449,70.569,106.406,81.403,81.132,14.103,29.788,58.333,0,110.21,81.947,89.674,5.496,0,1632,21
64.149,92.528,137.674,104.248,215.944,0,0,64.075,107.116,126.73,125.656,167.983,0,0,1648,22
65.468,66.577,111.108,86.561,89.099,14.734,25.242,63.824,0,110.539,91.476,95.137,9.577,33.863,1673,23
71.844,76.299,144.255,118.574,197.41,0,0,75.569,0,133.712,108.244,154.412,0,0,1591,20
60.34,63.015,107.334,90.305,76.006,13.012,16.451,64.57,0,104.336,80.054,86.395,4.51,35.387,1632,21
78.289,90.038,158.847,121.157,0,0,0,79.669,0,147.159,112.943,181.074,0,0,1591,20
59.649,0,95.01,82.76,81.703,6.549,19.172,52.241,0,95.009,87.745,80.241,13.115,22.44,1632,21
58.18,69.248,99.515,85.823,78.542,7.203,26.94,56.055,0,103.024,78.502,83.173,9.54,20.865,1632,21
58.867,57.288,109.521,76.326,85.518,5.194,27.102,50.981,0,101.116,80.986,80.777,9.31,0,1632,21
56.704,64.626,98.985,90.54,90.138,9.351,16.699,0,0,99.1,86.237,85.985,11.612,0,1673,23
60.337,63.139,104.52,87.708,88.131,7.977,14.557,56.182,0,98.344,88.028,93.499,13.18,0,1673,23
53.399,0,101.606,88.427,87.7,14.764,0,57.349,0,92.412,100.239,95.176,13.809,0,1673,23
59.335,0,92.728,0,0,0,0,0,0,87.249,0,0,0,0,1673,23
0,0,69.45,57.985,74.819,0,0,0,0,69.507,0,0,0,0,1699,4
50.38,0,90.294,77.472,76.292,12.299,0,47.374,0,88.871,0,0,0,0,1673,23
42.954,36.627,70.619,63.974,72.481,5.286,18.179,41.55,0,72.348,65.825,72.026,4.748,23.174,1699,4
55.957,57.602,93.825,75.364,84.359,11.62,19.858,48.232,0,91.006,80.202,85.006,9.097,27.099,1673,23
53.579,46.968,91.167,71.859,74.123,11.412,22.515,50.407,0,88.932,71.238,79.493,6.558,31.211,1673,23
49.228,50.352,92.702,83.054,71.775,9.778,0,64.002,0,87.885,70.356,76.66,7.132,23,1673,23
49.287,52.012,86.111,79.123,76.085,10.853,16.099,51.082,0,84.304,68.361,69.871,15.709,0,1673,23
45.786,51.685,93.716,64.89,67.598,8.887,21.47,45.818,0,88.354,70.585,64.384,9.036,21.377,1673,23
46.373,54.051,93.048,72.52,72.178,9.105,25.281,49.052,57.088,93.912,87.915,86.121,10.411,18.423,1673,23
45.555,67.658,87.204,72.448,74.287,6.791,13.333,44.701,65.694,84.687,76.22,75.699,13.213,13.824,1673,23
44.375,0,86.035,64.606,68.737,7.668,10.439,41.735,55.915,87.16,73.013,70.679,8.822,7.795,1591,20
42.074,0,77.381,59.777,66.157,5.597,0,38.244,0,77.41,61.125,66.738,7.117,0,1673,23
35.696,0,67.44,60.859,68.399,10.015,17.284,0,0,70.219,64.131,68.211,4.496,0,1699,4
41.79,0,83.295,60.081,71.934,7.899,13.123,41.419,56.592,87.189,73.094,74.503,8.739,7.855,1591,20
38.652,0,67.253,60.072,58.063,4.52,11.517,0,0,74.202,61.563,59.147,3.655,0,1699,4
42.1,47.589,81.008,60.258,57.741,10.039,6.532,42.044,54.487,79.115,63.73,59.757,10.414,13.704,1591,20
39.113,0,68.843,60.19,60.181,8.722,10.599,0,0,74.352,60.83,62.786,5.568,0,1699,4
45.139,0,77.969,59.924,66.434,9.652,15.325,41.822,0,76.282,67.653,66.452,9.784,17.346,1591,20
38.128,0,68.031,62.594,68.173,10.17,17.373,0,0,70.705,62.372,70.167,6.697,0,1699,4
41.476,0,73.123,63.164,58.132,12.105,16.353,49.23,0,72.693,59.123,66.856,6.721,0,1591,20
39.504,0,68.51,62.475,67.408,6.201,14.011,0,0,72.937,60.504,67.539,8.385,0,1699,4
43.918,48.853,74.768,60.189,63.416,8.785,15.154,44.409,0,76.099,61.955,67.776,6.672,21.147,1591,20
38.733,0,70.015,63.332,65.236,6.956,17.587,50.341,0,72.629,58.669,63.01,11.994,20.755,1699,4
41.17,51.045,85.456,66.879,69.473,9.127,11.345,42.498,0,79.039,62.723,64.405,8.212,18.714,1591,20
40.078,0,70.308,59.568,64.038,6.587,19.626,36.708,0,72.636,58.647,65.033,6.959,0,1699,4
38.207,0,72.799,66.34,69.328,9.1,12.217,45.368,0,69.669,58.808,60.503,9.331,22.901,1591,20
0,0,71.623,60.867,63.985,5.896,0,0,0,75.448,57.395,0,0,0,1699,4
41.125,46.714,76.492,59.981,52.147,9.343,16.979,41.159,0,75.116,64.156,52.283,10.338,13.435,1591,20
36.008,40.805,70.111,58.964,59.888,7.422,0,42.996,0,70.989,56.413,58.617,8.178,0,1699,4
37.413,46.068,64.776,61.778,63.588,7.371,12.742,37.054,47.836,73.117,62.416,63.368,9.398,14.656,1591,20
37.208,48.311,64.283,55.005,64.617,5.989,21.136,37.635,48.937,67.076,59.233,62.962,6.363,19.235,1591,20
38.474,43.488,72.293,56.235,60.585,4.843,17.286,36.843,44.378,75.022,59.458,60.724,10.014,15.053,1591,20
37.453,36.831,73.328,57.573,56.313,9.673,9.57,0,0,72.386,56.718,55.653,10.855,0,1699,4
40.371,0,77.387,58.969,49.758,8.921,13.483,61.863,0,75.409,56.981,52.004,3.571,14.611,1699,4
33.68,50.614,72.068,60.776,57.957,11.111,12.352,52.246,0,77.878,58.08,59.309,4.477,0,1699,4
16.445,0,56.183,36.214,0,0,0,15.706,0,48.603,0,0,0,0,1673,23
37.916,43.162,70.64,57.091,62.068,7.907,22,36.346,0,75.678,58.655,62.047,4.207,22.605,1699,4
37.667,0,69.555,59.301,58.284,7.789,11.259,54.242,0,71.943,55.57,59.352,10.096,18.016,1699,4
36.8,0,77.566,58.432,56.662,9.351,7.808,36.765,0,79.518,56.285,61.212,7.406,12.665,1673,23
36.397,0,70.925,56.656,64.548,5.266,18.334,0,0,73.256,53.431,64.994,6.259,0,1699,4
0,0,29.608,32.31,44.476,4.114,0,0,0,28.29,32.9,41.837,4.307,20.405,1721,24
33.718,34.169,48.993,37.81,34.63,5.064,20.87,0,0,44.644,0,0,0,0,1673,23
0,0,70.49,53.274,71.078,6.538,0,33.985,0,71.411,0,0,7.742,0,1699,4
7.778,9.772,17.547,9.845,23.511,0,0,9.108,11.178,16.431,10.311,22.733,2.085,8.517,1721,24
34.203,37.543,56.146,48.984,56.441,5.746,10.302,34.338,38.907,61.572,50.587,51.762,4.993,0,1673,23
0,0,68.422,0,0,7.57,0,0,0,67.684,53.859,72.999,0,0,1699,4
0,0,26.054,0,0,0,0,16.777,13.997,28.519,0,0,0,0,1721,24
35.721,0,71.009,56.999,59.911,8.775,10.322,0,0,72.487,0,0,0,0,1699,4
16.096,0,26.929,21.902,0,0,0,15.154,16.265,25.863,25.125,25.109,0,0,1721,24
36.531,0,70.571,56.126,57.72,9.154,17.099,45.701,0,71.573,53.525,0,0,0,1699,4
22.659,32.445,34.732,50.803,0,0,0,25.708,47.57,34.839,34.626,0,0,0,1591,20
23.906,0,60.1,30.262,64.727,4.735,34.114,25.121,30.883,61.98,33.631,63.715,5.024,38.532,1721,24
19.207,0,42.017,30.299,46.79,0,0,22.54,27.966,40.599,28.457,47.917,0,0,1591,20
0,0,69.298,54.735,61.474,6.696,0,46.455,0,74.009,0,0,0,0,1699,4
0,0,68.787,54.108,64.128,0,0,0,0,67.836,53.123,65.632,0,0,1699,4
0,0,66.415,61.035,57.362,6.926,7.976,0,0,71.229,57.741,60.337,7.72,13.68,1699,4
25.897,0,46.912,0,0,0,0,0,0,44.726,0,0,0,0,1721,24
0,0,52.671,0,0,0,0,0,0,47.32,0,0,0,0,1721,24
34.287,36.405,72.276,39.746,72.106,0,0,30.825,0,78.395,39.372,73.853,6.126,46.369,1721,24
32.224,26.335,67.231,39.923,61.198,4.191,42.654,26.528,28.207,69.341,41.956,74.537,5.858,38.001,1591,20
31.694,44.046,71.228,43.788,86.928,5.218,55.187,32.788,0,69.533,40.216,92.265,7.03,49.704,1721,24
29.217,43.471,77.993,43.764,82.321,4.921,47.376,29.689,33.4,79.407,41.114,87.045,6.774,45.508,1591,20
0,0,70.545,49.883,0,0,0,0,0,67.411,0,0,0,0,1699,4
32.598,55.378,81.035,53.67,88.846,0,0,40.387,47.324,76.309,53.297,88.044,7.818,60.507,1721,24
26.84,49.601,70.403,42.791,76.575,5.833,45.679,30.22,37.396,68.642,39.612,76.047,5.907,49.155,1591,20
36.707,0,72.277,63.43,74.198,0,0,41.665,0,69.264,64.338,71.885,0,0,1721,24
30.836,48.56,72.371,43.814,83.138,5.933,49.533,28.704,49.351,71.799,41.919,76.806,6.308,55.152,1591,20
0,0,67.611,51.503,0,0,0,0,0,65.444,0,0,0,0,1699,4
30.109,53.221,79.245,55.43,81.571,6.855,50.404,31.881,39.88,75.93,44.554,75.195,6.427,51.578,1726,25
32.692,41.69,71.428,63.714,64.985,0,0,33.875,36.134,71.231,54.174,57.543,0,0,1726,25
0,0,68.612,51.656,62.155,3.257,27.242,0,0,67.275,52.52,61.552,0,0,1699,4
40.006,69.684,117.896,64.797,118.47,0,0,45.324,51.223,102.916,63.786,80.491,0,0,1721,24
32.126,45.135,84.045,78.749,82.275,7.787,42.093,37.747,35.985,77.556,48.239,75.113,0,0,1726,25
38.865,0,108.406,56.212,0,0,0,37.984,0,93.972,55.154,105.237,0,0,1721,24
29.027,40.435,72.143,45.46,0,0,0,35.297,36.568,66.821,52.365,52.477,0,0,1726,25
34.395,58.543,95.996,55.759,115.317,0,0,40.208,40.886,89.021,58.949,85.985,6.029,62.068,1591,20
44.953,0,89.53,60.585,135.664,0,0,0,0,75.728,65.051,95.835,8.115,68.312,1721,24
33.786,52.106,88.688,56.814,82.867,0,0,40.471,40.407,82.083,56.494,75.456,6.8,55.314,1726,25
36.54,62.872,103.775,55.392,126.793,9.687,58.557,45.722,45.011,93.215,57.087,97.237,7.154,68.037,1591,20
46.622,65.474,121.45,65.497,124.472,9.834,71.36,0,0,98.405,62.182,114.006,10.358,74.452,1721,24
46.099,0,130.954,64.273,102.191,0,0,0,0,110.625,64.466,104.838,0,0,1721,24
51.71,0,115.712,67.296,0,0,0,0,0,89.428,66.366,0,0,0,1721,24
54.264,59.242,100.026,63.692,113.388,7.382,66.925,40.558,70.785,99.613,69.027,110.866,8.746,68.782,1591,20
0,0,63.46,49.994,0,0,0,0,0,61.679,0,0,0,0,1699,4
52.052,64.731,100.717,68.648,0,0,0,48.081,72.433,100.754,76.987,104.899,0,0,1591,20
54.684,71.12,113.94,87.801,90.366,0,0,51.61,82.374,109.169,74.041,0,0,0,1591,20
0,0,71.001,0,0,0,0,0,0,69.885,0,0,0,0,1699,4
63.172,64.559,119.605,84.461,90.677,0,0,51.998,63.95,123.566,73.348,115.736,0,0,1591,20
67.545,91.735,139.412,94.879,163.351,8.921,108.038,68.53,160.292,139.883,81.268,200.051,17.536,84.928,1591,20
76.477,71.089,145.245,109.476,166.196,11.77,95.644,71.768,146.09,138.022,107.061,155.076,21.892,98.224,1591,20
86.818,0,166.896,119.847,0,0,0,77.109,0,147.087,118.199,183.632,0,0,1591,20
101.601,84.539,245.314,0,0,0,0,0,0,157.749,0,0,0,0,1591,20
40.799,0,65.516,58.028,54.263,7.835,13.327,0,0,66.152,56.41,55.936,6.287,15.252,1699,4
0,0,67.55,57.755,58.897,5.381,19.057,0,0,68.843,54.048,58.849,5.383,0,1699,4
44.715,0,69.258,60.461,54.222,8.581,11.407,0,0,69.042,58.778,56.166,6.387,14.884,1699,4
22.32,0,42.99,25.887,37.174,4.637,0,0,0,38.127,0,0,0,0,1673,23
36.048,0,66.929,59.876,56.803,8.936,12.499,0,0,69.766,58.687,58.742,4.034,0,1699,4
36.936,0,69.112,60.519,52.045,10.199,12.738,0,0,69.532,57.879,59.332,6.822,0,1699,4
45.602,0,71.18,61.601,60.119,4.647,0,0,0,68.122,61.032,62.269,3.97,0,1699,4
48.131,0,72.351,59.009,54.936,7.68,13.089,39.874,0,71.303,55.216,53.33,8.833,0,1699,4
0,0,73.897,55.556,53.655,6.755,8.457,0,0,73.069,53.565,54.117,7.374,0,1699,4
24.993,0,43.034,0,0,0,0,22.043,16.482,41.303,0,0,0,0,1673,23
0,0,71.688,59.337,60.269,6.569,0,0,0,71.695,0,0,0,0,1699,4
0,0,69.807,53.711,0,0,0,0,0,68.19,0,0,0,0,1699,4
38.085,55.177,78.594,57.441,75.9,6.266,64.139,35.587,77.049,83.333,58.192,76.373,6.73,57.957,1721,24
41.471,37.447,72.109,60.175,63.479,0,0,36.378,41.729,70.038,55.82,65.049,0,0,1721,24
35.333,39.983,90.669,48.73,101.72,0,0,40.627,34.857,77.424,50.978,72.462,0,0,1778,4
0,0,64.961,51.299,57.096,5.567,31.155,0,0,65.954,51.642,58.454,6.074,37.112,1699,4
39.737,43.281,73.867,56.596,64.916,0,0,35.873,42.815,71.527,55.98,60.543,0,0,1721,24
35.599,34.979,80.765,66.67,88.361,0,0,33.72,45.274,68.696,58.629,74.501,0,0,1778,4
38.97,50.421,100.5,84.826,60.044,0,0,34.444,61.739,99.517,61.251,58.069,0,0,1591,20
42.803,50.596,116.118,56.05,77.079,0,0,50.276,47.459,102.366,75.184,72.926,0,0,1591,20
43.558,0,66.433,59.248,55.695,8.225,9.111,51.823,0,69.048,59.21,56.471,7.568,15.894,1699,4
0,0,66.864,59.856,52.518,8.032,6.028,47.079,0,70.311,59.849,54.3,5.534,13.56,1699,4
41.58,42.165,102.149,66.392,70.783,7.903,54.979,48.199,47.211,102.006,60.887,68.695,0,0,1591,20
0,0,64.975,58.631,51.409,9.218,8.996,0,0,68.794,59.658,54.911,5.898,0,1699,4
48.464,50.863,104.13,83.283,136.785,0,0,51.344,64.538,97.845,76.677,95.84,5.965,66.362,1790,26
45.361,49.169,100.8,81.979,73.509,0,0,50.202,50.581,95.84,0,0,0,0,1591,20
42.649,0,65.706,57.234,63.44,11.317,12.176,47.9,0,68.21,58.235,65.445,5.094,0,1699,4
53.882,65.328,109.881,84.825,152.027,0,0,54.924,68.613,97.932,84.449,119.541,0,0,1790,26
0,0,65.795,58.651,63.884,8.349,21.36,0,0,68.127,57.129,66.757,11.178,0,1699,4
47.344,60.076,102.104,82.984,87.82,0,0,50.242,56.515,95.859,75.219,0,0,0,1778,4
0,0,69.105,55.213,63.055,7.152,0,33.094,0,70.276,54.774,67.708,7.787,0,1699,4
67.493,67.372,134.854,100.697,168.65,0,0,64.725,97.276,122.864,102.552,122.375,0,0,1790,26
49.523,0,69.06,57.358,54.718,8.523,0,49.467,0,69.987,56.859,58.12,4.795,0,1699,4
78.969,64.99,158.419,102.738,243.251,0,0,76.734,74.903,151.564,116.967,119.456,11.467,100.185,1790,26
0,0,67.309,57.14,57.009,7.517,21.268,41.231,0,67.267,57.662,57.881,9.491,25.423,1699,4
87.989,70.263,165.611,137.313,299.522,0,0,79.271,120.243,157.471,124.754,174.38,13.255,101.003,1790,26
0,0,68.383,55.639,59.716,7.752,0,0,0,66.623,0,0,0,0,1699,4
0,0,67.61,54.48,58.558,4.255,14.307,0,0,68.508,0,0,0,0,1699,4
39.409,0,83.143,61.135,65.772,8.11,60.39,17.221,34.656,92.533,51.762,79.247,9.289,43.708,1804,27
36.686,0,63.307,55.591,58.237,8.523,18.013,0,0,66.576,56.538,60.97,4.036,0,1699,4
0,0,62.585,53.471,55.622,7.541,0,0,0,63.898,0,0,8.857,0,1699,4
34.092,24.072,65.848,56.821,60.883,8.886,18.751,0,0,67.765,56.183,60.195,5.461,0,1699,4
14.998,22.551,27.11,25.276,0,0,0,11.67,0,27.843,0,0,0,0,1721,24
35.411,21.387,66.53,51.634,58.072,10.615,22.505,0,0,64.606,54.296,63.155,7.901,0,1699,4
35.413,0,67.01,56.239,57.446,8.498,12.476,0,0,68.277,59.544,56.715,5.58,22.594,1699,4
0,0,67.377,57.878,57.987,8.157,11.37,0,0,68.355,60.298,57.07,5.43,21.791,1699,4
0,0,65.736,58.759,56.658,7.783,8.178,0,0,69.267,60.047,55.633,4.66,0,1699,4
18.687,16.524,35.66,26.481,42.674,3.886,15.929,20.721,15.622,38.872,26.22,38.161,3.782,17.703,1778,4
36.956,53.657,42.442,0,0,0,0,40.159,66.176,43.875,30.507,55.004,0,0,1591,20
39.664,53.351,46.937,28.423,70.8,0,0,35.39,62.868,45.304,28.429,64.065,0,0,1591,20
0,0,68.174,57.203,55.248,7.292,14.595,46.094,0,68.853,57.642,59.386,6.552,23.252,1699,4
0,0,71.218,57.898,80.503,4.623,56.373,0,0,67.814,56.798,79.561,5.832,53.437,1699,4
0,0,68.037,62.465,64.751,4.71,0,0,0,70.532,58.812,67.377,0,0,1699,4
44.201,46.534,55.568,35.905,88.553,7.143,39.434,35.694,68.31,45.257,36.213,73.172,6.661,39.195,1591,20
0,0,64.631,57.036,57.252,4.895,0,33.217,0,66.899,54.603,56.003,0,0,1699,4
45.772,56.168,55.599,35.693,83.089,6.056,41.809,42.896,75.081,50.461,36.306,71.912,6.116,41.155,1591,20
0,0,69.036,57.89,56.505,6.031,0,42.716,0,72.416,0,0,0,0,1699,4
43.713,63.928,61.463,36.182,99.44,7.481,45.482,48.647,78.756,57.557,37.315,78.939,5.717,47.984,1591,20
0,0,87.796,0,0,0,0,0,0,73.805,0,0,0,0,1699,4
41.632,55.365,59.876,37.24,97.249,7.536,45.617,0,0,50.573,41.144,70.271,5.494,48.517,1591,20
22.957,0,70.762,61.193,0,0,0,51.42,0,67.871,64.44,0,0,0,1699,4
38.8,72.073,54.062,45.343,88.939,6.619,45.798,47.157,80.74,53.544,44.041,74.405,7.038,51.102,1591,20
40.052,66.407,58.743,48.658,82.337,0,0,48.257,86.018,57.043,45.262,70.878,0,0,1591,20
0,0,72.52,56.511,60.406,5.622,0,0,0,69.137,0,0,0,0,1699,4
50.496,0,71.093,63.723,52.046,7.419,8.515,45.54,0,70.083,60.585,53.9,7.471,12.901,1699,4
67.291,79.528,90.294,77.16,120.217,0,0,85.143,116.206,87.086,68.196,134.893,0,0,1591,20
42.338,0,71.362,58.429,54.332,6.026,9.785,0,0,73.464,60.875,54.579,3.128,17.649,1699,4
66.691,75.724,95.251,74.764,146.056,10.836,68.398,74.237,117.756,84.697,70.524,133.931,11.847,66.535,1591,20
0,0,71.3,61.593,58.66,7.515,13.078,0,0,74.071,60.606,60.061,11.159,20.329,1699,4
82.815,109.011,111.668,69.029,142.735,11.109,78.586,96.73,137.368,111.532,80.745,107.153,8.525,91.314,1591,20
0,0,75.453,55.98,76.44,7.81,45.735,0,0,71.061,57.893,74.876,7.371,48.163,1699,4
99.898,120.916,121.166,68.483,177.463,13.796,77.046,107.272,151.388,120.731,84.58,112.186,11.018,94.639,1591,20
0,0,75.051,55.165,66.991,7.653,28.754,0,0,75.299,54.391,69.373,12.439,37.15,1699,4
107.281,113.18,123.391,68.89,191.962,0,0,118.582,133.048,122.198,90.106,104.67,0,0,1591,20
0,0,80.993,58.878,64.966,5.68,39.219,0,0,76.539,57.452,68.616,5.64,44.052,1699,4
53.611,0,77.459,56.892,55.565,7.513,0,43.49,0,77.578,0,0,0,0,1699,4
0,0,74.071,57.706,0,0,0,0,0,72.015,0,0,0,0,1699,4
12.282,14.812,27.809,19.216,36.358,0,0,11.896,18.004,26.535,16.645,31.186,0,0,1721,24
41.428,0,71.524,64.343,77.886,10.352,22.811,0,0,76.277,65.754,79.362,11.678,34.141,1699,4
40.003,0,75.219,63.666,68.249,9.511,15.012,43.242,0,79.252,64.365,67.185,6.455,25.616,1699,4
18.234,30.372,33.954,38.263,37.247,0,0,17.862,25.275,38.181,30.855,35.796,0,0,1673,23
38.781,0,73.591,60.944,68.1,5.26,15.756,47.74,0,76.591,60.676,66.745,6.03,0,1699,4
39.684,0,74.697,61.21,60.025,9.999,15.493,44.675,0,78.845,61.59,62.272,7.312,0,1699,4
40.178,0,73.981,64.944,61.353,9.322,19.722,0,0,77.619,63.864,63.533,6.894,23.145,1699,4
18.614,31.032,46.987,28.505,44.947,0,0,19.156,0,45.167,26.424,0,0,0,1721,24
0,0,80.793,59.362,81.142,10.233,43.824,0,0,79.981,61.444,80.049,15.907,51.554,1699,4
18.706,34.794,55.156,87.462,58.463,0,0,19.252,30.571,61.141,0,0,0,0,1673,23
20.288,36.787,42.278,33.846,46.082,0,0,19.735,30.795,40.395,31.264,0,0,0,1721,24
19.108,0,41.345,66.229,56.944,0,0,20.753,26.469,46.942,30.448,0,0,0,1673,23
0,0,77.624,62.446,64.361,10.745,34.222,0,0,79.289,61.097,65.135,8.884,0,1699,4
0,0,78.925,61.441,55.099,10.949,0,0,0,83.279,59.236,58.232,10.669,0,1699,4
22.965,18.466,41.689,34.127,48.084,0,0,33.753,47.612,40.63,28.625,48.27,0,0,1721,24
27.591,56.951,54.985,34.157,82.063,5.892,41.281,22.987,57.438,52.433,34.278,94.178,8.165,34.512,1721,24
20.944,0,42.658,92.032,61.054,4.926,41.919,21.171,36.448,42.938,66.458,57.119,4.873,41.417,1673,23
41.427,0,78.341,65.644,61.927,11.362,10.898,0,0,80.062,62.091,62.471,7.172,17.742,1699,4
31.511,55.979,56.15,34.553,69.33,4.928,40.024,25.077,44.046,50.192,51.221,75.385,6.126,37.836,1721,24
0,0,78.158,58.918,79.747,7.172,50.901,0,0,79.984,59.942,76.856,6.868,51.783,1699,4
23.612,31.834,49.289,34.792,57.009,0,0,35.493,56.658,45.069,32.864,50.48,0,0,1721,24
25.913,50.736,61.562,34.388,54.365,5.392,40.973,30.842,35.094,54.238,38.061,53.793,5.544,43.64,1721,24
29.316,64.779,65.469,36.19,81.939,7.075,43.66,28.551,44.975,56.481,38.826,67.219,5.032,50.236,1721,24
36.579,66.986,69.515,38.685,88.494,0,0,29.44,42.279,62.827,37.203,82.548,6.384,48.765,1721,24
32.378,59.338,68.559,40.788,75.067,0,0,32.113,37.679,59.804,38.881,70.834,5.478,44.493,1721,24
39.214,78.202,76.983,41.211,115.661,9.037,49.126,40.572,39.606,60.718,44.207,77.157,5.414,58.223,1721,24
32.941,61.654,75.454,43.785,85.014,5.522,50.432,38.885,37.342,62.415,45.775,66.235,4.278,55.332,1721,24
27.058,49.328,55.968,72.5,49.8,0,0,26.498,55.345,56.456,53.703,51.173,0,0,1673,23
33.241,68.933,70.177,47.013,62.537,3.671,53.902,40.915,40.215,66.436,45.989,61.399,5.805,48.898,1721,24
0,0,72.998,62.59,58.998,7.683,12.572,41.006,0,78.434,59.302,57.799,9.874,15.074,1778,4
30.301,58.789,56.653,47.708,57.85,0,0,25.359,61.464,54.455,0,0,0,0,1591,20
27.82,52.325,58.223,46.471,49.535,0,0,26.668,66.685,56.812,50.033,50.208,0,0,1673,23
32.329,58.204,68.967,48.44,61.527,4.436,52.748,40.388,38.288,65.241,49.691,60.204,6.74,47.218,1721,24
0,0,79.974,59.624,77.575,5.043,52.281,0,0,81.643,64.239,76.382,9.657,55.766,1778,4
32.902,44.614,73.784,50.065,54.844,5.023,50.597,42.774,31.248,70.97,51.653,64.105,7.502,42.429,1591,20
0,0,76.503,59.901,68.373,9.414,39.546,0,0,76.026,60.442,72.012,8.837,45.804,1778,4
36.909,65.074,75.035,50.845,60.152,0,0,45.583,42.897,72.672,51.847,64.729,7.249,50.249,1591,20
44.563,85.905,88.765,55.291,79.802,5.929,61.306,47.099,49.841,79.992,56.707,101.521,8.1,52.726,1591,20
0,0,77.777,66.823,59.879,9.704,6.691,0,0,81.99,62.854,57.549,9.49,12.442,1778,4
0,0,75.936,63.831,65.784,7.638,14.353,0,0,78.916,61.293,59.212,10.238,0,1778,4
47.32,69.881,85.482,71.671,102.707,8.077,62.157,48.292,50.443,82.291,66.094,167.623,16.348,38.006,1673,23
53.899,93.744,91.632,73.635,96.852,4.744,76.838,54.26,57.962,83.958,86.744,115.59,11.546,58.094,1673,23
0,0,79.088,64.559,64.58,6.025,19.375,0,0,79.258,62.554,65.915,0,0,1778,4
41.859,41.292,80.189,66.927,87.176,0,0,46.226,40.634,74.907,72.212,89.348,8.141,54.566,1591,20
0,0,80.641,69.282,57.538,8.489,10.638,0,0,83.215,65.871,61.401,8.159,10.231,1778,4
47.49,37.979,83.544,70.537,69.922,0,0,0,0,86.421,75.15,69.376,0,0,1591,20
0,0,79.195,69.91,62.204,10.132,14.267,0,0,84.33,70.776,66.043,9.103,20.884,1778,4
51.302,36.867,88.203,67.702,77.604,0,0,0,0,89.704,70.585,77.033,0,0,1591,20
57.2,0,77.274,66.12,59.331,11.866,16.071,0,0,85.781,69.726,63.848,8.015,9.186,1778,4
56.199,40.405,103.778,88.842,141.251,0,0,0,0,91.652,76.807,118.659,0,0,1591,20
71.206,120.198,137.236,89.946,166.14,13.473,78.225,77.201,72.434,117.146,93.896,105.278,9.22,97.074,1673,23
52.677,0,75.568,70.971,51.737,12.345,2.725,0,0,83.199,72.814,58.472,7.995,0,1778,4
80.59,135.575,150.4,91.55,232.396,0,0,96.919,74.279,125.079,102.628,134,10.24,112.118,1673,23
0,0,77.632,78.378,65.381,10.119,13.427,0,0,80.941,71.442,70.697,8.775,0,1699,4
0,0,79.53,64.159,52.453,12.836,13.166,0,0,80.808,65.853,60.306,9.573,0,1778,4
83.254,146.766,166.049,94.381,290.402,24.109,100.394,64.183,0,137.065,99.968,172.374,13.579,121.27,1673,23
0,0,74.544,64.177,61.095,10.734,6.683,0,0,81.284,65.198,62.247,5.949,13.676,1699,4
90.007,170.084,164.569,99.931,246.638,0,0,90.279,94.955,140.683,105.255,149.516,13.786,116.045,1721,24
0,0,76.586,64.656,58.213,12.176,6.023,37.014,0,85.155,65.489,63.902,6.589,12.795,1778,4
78.863,103.015,154.535,117.905,213.092,15.456,110.891,0,0,141.979,111.081,219.875,19.012,97.541,1721,24
0,0,74.481,67.033,69.239,7.003,7.213,0,0,79.091,67.685,60.841,0,0,1778,4
46.882,0,75.885,68.24,60.2,4.136,6.897,34.282,0,84.916,62.968,58.081,8.817,11.717,1778,4
0,0,71.343,64.082,0,0,0,0,0,79.223,64.908,62.018,9.261,0,1778,4
0,0,79.836,65.637,62.708,9.693,0,0,0,84.552,0,0,0,0,1699,4
0,0,74.909,65.967,0,0,0,0,0,79.147,0,0,0,0,1699,4
0,0,75.328,64.938,63.307,6.539,9.802,0,0,78.768,61.385,60.629,6.796,14.762,1699,4
0,0,80.293,59.443,79.285,0,0,0,0,80.89,0,0,0,0,1699,4
0,0,87.796,70.481,63.326,11.996,14.662,0,0,87.641,71.603,67.06,8.921,0,1699,4
0,0,81.693,67.892,62.42,7.136,0,0,0,87.16,63.987,70.469,4.276,0,1699,4
0,0,83.666,70.651,62.196,10.335,7.406,0,0,88.822,66.624,61.784,10.985,14.443,1699,4
0,0,74.868,67.17,66.332,9.243,0,0,0,79.96,0,0,0,0,1699,4
0,0,84.776,66.768,77.773,10.186,0,0,0,86.878,0,0,0,0,1699,4
0,0,85.433,0,0,0,0,0,0,89.612,0,0,0,0,1778,4
0,0,83.592,75.659,65.691,7.575,19.4,0,0,83.917,0,0,0,0,1778,4
0,0,84.791,60.798,0,0,0,0,0,80.488,0,0,0,0,1778,4
52.671,0,87.075,73.778,70.599,11.305,15.95,54.683,0,85.228,73.487,75.92,7.841,0,1778,4
0,0,83.125,70.237,58.923,12.365,0,0,0,86.992,68.589,61.184,9.945,0,1778,4
0,0,76.398,58.876,0,0,0,0,0,80.4,0,0,0,0,1778,4
0,0,77.495,67.681,74.01,11.057,0,0,0,81.806,0,0,0,0,1778,4
0,0,79.47,0,0,0,0,0,0,82.042,0,0,0,0,1778,4
0,0,84.877,0,0,0,0,0,0,87.897,0,0,0,0,1778,4
0,0,89.596,68.937,0,0,0,0,0,91.003,0,0,0,0,1778,4
0,0,89.43,74.694,72.516,9.218,0,0,0,88.203,71.26,72.652,0,0,1778,4
0,0,86.26,68.661,64.334,7.749,0,0,0,85.902,0,0,0,0,1778,4
0,0,85.905,74.053,77.91,6.944,51.786,0,0,86.499,0,0,0,0,1778,4
0,0,86.589,77.09,69.318,9.417,6.465,0,0,92.681,70.814,73.175,12.166,21.264,1778,4
0,0,88.641,75.918,73.05,10.79,12.413,0,0,92.185,73.588,69.569,13.913,18.486,1778,4
33.078,0,61.574,31.722,50.041,0,0,29.661,23.346,63.283,30.385,48.326,3.943,35.185,1922,30
27.835,24.223,61.38,29.143,50.404,0,0,26.041,24.598,63.944,30.343,52.625,0,0,1922,30
22.959,0,61.002,31.531,59.458,0,0,27.149,32.799,62.076,31.042,62.61,5.069,44.418,1922,30
0,0,95.401,71.867,76.426,0,0,0,0,97.272,78.706,80.455,0,0,1778,4
19.674,51.564,45.617,28.892,70.94,5.212,35.772,23.857,47.427,47.319,30.284,59.502,6.416,39.094,1885,28
31.317,26.348,66.099,33.71,53.026,5.626,33.927,29.762,26.146,67.343,30.647,54.368,6.118,37.56,1886,29
27.268,35.467,66.984,33.299,72.016,0,0,30.023,32.957,67.301,32.803,68.628,5.278,44.422,1922,30
19.923,49.32,43.84,30.717,71.202,5.171,35.658,22.037,45.385,45.369,31.672,57.733,4.874,38.791,1933,31
0,0,87.649,0,0,0,0,0,0,99.761,0,0,0,0,1778,4
28.974,23.784,62.272,33.45,44.134,0,0,30.36,25.096,61.772,33.541,46.511,0,0,1886,29
17.389,36.696,41.059,32.1,58.293,3.949,34.716,18.17,40.369,41.528,31.672,48.878,3.757,36.564,1933,31
0,0,89.996,78.685,69.576,14.048,11.269,62.4,0,99.162,75.858,72.268,15.674,21.939,1778,4
18.242,41.22,42.58,31.546,37.135,0,0,20.849,45.334,41.772,31.263,38.003,0,0,1933,31
19.291,42.449,48.001,30.126,53.121,3.82,32.347,20.895,41.347,47.869,30.762,47.287,4.293,33.596,1885,28
30.568,37.222,78.138,40.08,74.796,5.623,34.128,31.784,31.618,71.796,38.836,70.293,5.98,37.364,1886,29
19.05,40.308,48.17,30.898,49.805,3.991,31.687,21.007,40.221,48.362,30.983,46.973,3.854,33.748,1933,31
47.987,0,90.641,75.131,78.457,11.023,16.636,64.039,0,98.884,77.418,79.963,9.179,27.839,1778,4
19.698,35.333,49.018,31.31,47.031,3.759,34.141,21.939,36.507,51.362,31.755,42.723,4.679,33.627,1885,28
36.349,32.238,76.359,44.778,86.033,0,0,31.968,35.963,79.373,44.957,85.14,7.791,38.188,1886,29
0,0,90.39,79.747,75.755,12.191,17.739,62.594,0,95.761,80.706,81.171,8.796,32.695,1778,4
20.709,41.089,52.437,34.22,47.021,4.682,32.969,22.594,34.092,54.823,32.246,44.468,4.514,32.421,1885,28
37.093,39.01,83.693,45.57,95.064,7.966,39.348,35.699,36.657,81.95,43.908,86.293,8.894,42.832,1886,29
34.216,41.863,85.442,45.916,91.439,8.187,40.67,33.596,39.27,85.135,46.677,84.712,8.329,43.282,1922,30
0,0,89.203,77.699,76.308,11.469,13.213,0,0,97.48,78.119,77.179,10.218,0,1778,4
33.351,41.207,78.96,48.482,77.87,0,0,33.182,37.132,80.796,45.83,76.412,0,0,1922,30
53.564,47.265,121.755,58.969,113.034,7.639,59.615,52.568,52.212,115.306,59.353,110.409,10.268,62.735,1922,30
0,0,88.005,70.073,0,0,0,0,0,89.332,0,0,0,0,1778,4
62.066,50.512,133.607,63.628,116.338,9.164,58.438,53.61,55.661,126.666,62.401,88.727,7.458,75.484,1922,30
64.361,52.601,127.663,68.165,90.006,13.4,63.332,54.231,55.837,115.796,73.368,80.147,0,0,1922,30
65.375,55.854,140.167,70.266,110.535,12.45,72.017,60.661,56.13,133.973,73.531,99.604,9.779,82.183,1922,30
67.819,51.515,126.038,75.667,100.585,12.057,61.304,65.591,54.96,117.156,73.283,94.056,12.819,69.623,1922,30
0,0,89.415,71.028,75.227,5.5,22.866,43.92,0,92.393,0,0,0,0,1778,4
54.266,0,91.578,78.745,81.422,8.5,9.303,0,0,91.357,81.645,80.746,9.587,25.083,1778,4
50.486,46.182,89.405,81.946,89.473,12.245,19.919,54.1,0,92.132,82.583,89.485,17.74,35.078,1778,4
0,0,98.721,78.068,0,0,0,0,0,94.239,0,0,0,0,1778,4
0,0,89.297,70.455,0,0,0,0,0,90.523,0,0,0,0,1778,4
82.052,147.128,123.284,79.969,140.626,0,0,78.108,146.415,109.598,101.946,105.748,15.061,98.68,1885,28
85.053,150.32,133.617,88.677,0,0,0,79.963,119.894,120.013,119.493,101.036,0,0,1885,28
62.883,0,96.133,77.809,78.603,8.2,7.087,53.989,0,99.544,78.671,80.157,8.165,12.859,1778,4
0,0,108.439,110.87,96.5,13.359,0,0,0,104.968,90.332,89.99,10.705,0,1778,4
0,0,102.647,85.382,76.89,12.31,9,70.179,0,102.229,80.806,79.788,11.901,0,1778,4
72.108,0,97.52,77.906,76.171,13.339,13.529,62.726,0,96.203,81.957,74.837,12.746,10.491,1778,4
74.967,0,103.618,87.885,80.064,11.615,19.944,81.166,0,104.491,87.453,78.751,10.902,19.454,1778,4
71.015,0,96.059,83.073,78.432,14.748,24.772,82.777,0,98.08,85.552,77.984,15.404,0,1778,4
52.523,0,102.18,99.06,86.185,14.348,19.632,68.529,0,106.078,82.776,80.68,16.691,23.549,1778,4
56.819,0,111.667,87.67,92.252,13.422,24.394,0,0,116.147,0,0,0,0,1778,4
31.455,29.052,56.03,44.981,47.383,8.079,13.894,30.301,0,55.507,48.154,45.167,7.82,16.411,2068,1
75.428,0,99.841,83.509,78.859,13.144,0,68.315,0,103.365,0,0,0,0,1778,4
30.951,34.018,61.59,50.12,50.459,7.607,15.794,32.068,34.868,58.886,48.822,46.694,7.507,16.363,2068,1
62.47,0,111.028,90.984,0,0,0,0,0,114.661,0,0,0,0,1778,4
32.396,31.877,59.806,48.084,51.345,7.532,17.226,30.793,28.047,58.852,50.94,49.953,8.718,17.712,2068,1
15.883,26.846,39.886,21.975,0,0,0,17.286,27.336,40.157,23.578,0,0,0,1981,32
32.452,33.738,59.892,45.334,41.378,5.695,16.609,30.972,0,56.205,49.593,40.356,4.597,13.356,2068,1
58.013,0,105.689,86.421,81.209,13.866,0,0,0,105.515,0,0,0,0,1778,4
20.864,0,37.612,0,0,0,0,19.042,23.748,37.366,0,0,0,0,1981,32
30.396,31.867,58.46,46.201,51.22,5.536,0,30.462,30.3,57.194,48.311,0,0,0,2068,1
20.959,22.593,40.321,32.289,32.946,0,0,20.305,29.558,39.982,29.615,31.988,0,0,1981,32
35.607,36.404,59.046,51.903,59.644,4.076,10.832,31.497,31.077,57.566,53.339,0,0,0,2068,1
57.155,0,103.137,90.226,89.882,17.239,28.317,0,0,105.757,0,0,0,0,1778,4
25.117,22.99,46.116,36.357,0,0,0,0,0,44.478,0,0,0,0,1981,32
34.223,46.23,57.52,51.865,58.105,7.061,15.76,31.319,36.735,60.236,52.435,59.81,6.595,13.356,2068,1
0,0,100.38,82.81,77.444,10.358,0,0,0,102.95,0,0,0,0,1778,4
26.824,26.744,53.467,39.319,59.077,0,0,21.881,33.333,52.671,33.243,72.593,0,0,1981,32
34.149,40.403,56.956,45.903,54.713,6.571,16.973,31.653,33.856,59.887,49.012,53.768,7.42,16.189,2068,1
56.893,0,105.958,91.098,80.336,13.78,25.508,0,0,112.392,83.958,79.984,13.385,0,1778,4
23.015,38.12,53.335,41.799,65.644,4.053,41.393,22.918,45.74,53.416,35.162,71.204,8.066,36.543,1981,32
30.924,42.057,57.581,47.755,50.23,7.211,15.583,29.463,32.196,58.727,48.764,50.849,6.373,15.012,2068,1
32.325,35.392,59.449,48.347,40.044,5.631,12.722,30.081,33.998,58.9,53.991,41.296,5.172,14.536,2078,1
54.478,0,103.57,83.17,84.991,14.234,0,0,0,100.05,83.292,78.696,13.06,0,1778,4
36.691,29.089,72.763,43.55,65.848,0,0,30.737,27.055,68.759,41.246,57.777,0,0,1981,32
32.787,34.964,62.976,49.238,55.252,9.901,10.948,31.917,31.177,62.099,49.611,47.505,5.992,14.88,2078,1
64.181,0,100.037,85.284,76.415,11.909,18.837,0,0,101.771,81.511,85.177,8.325,0,1778,4
40.722,26.412,68.074,44.579,82.07,0,0,32.289,29.757,69.817,47.561,64.697,5.319,42.481,1981,32
33.928,45.772,58.786,45.723,50.491,7.869,16.328,31.979,40.331,58.363,49.503,45.575,8.54,0,2078,1
58.516,0,100.896,85.121,90.295,13.814,31.735,0,0,104.004,82.464,86.273,14.841,26.044,1778,4
38.717,37.241,68.788,92.442,59.593,0,0,34.039,43.114,76.695,55.396,60.865,9.203,52.4,1981,32
31.032,35.131,55.235,42.727,48.619,7.442,13.081,29.13,36.692,55.238,45.389,46.571,7.288,0,2078,1
58.691,0,111.503,87.325,90.667,14.049,0,0,0,113.033,0,0,0,0,1778,4
44.081,39.026,101.219,64.932,64.818,0,0,36.505,49.078,112.059,60.431,64.421,0,0,1981,32
31.886,38.322,58.302,46.108,49.86,4.978,11.311,32.865,0,57.655,49.571,48.247,7.238,16.446,2068,1
30.71,40.496,57.434,46.2,46.441,12.887,17.503,31.748,41.797,58.374,47.822,44.089,10.519,0,2078,1
47.817,42.025,90.868,59.761,69.828,0,0,37.815,43.474,99.294,57.017,0,0,0,1981,32
34.489,35.29,61.156,49.817,55.114,5.923,10.389,33.297,39.653,60.677,54.204,52.248,6.708,12.827,2068,1
52.147,57.313,134.191,82.613,83.212,0,0,51.371,54.311,128.839,65.131,0,0,0,1981,32
32.775,31.072,61.185,47.673,50.001,8.529,16.367,30.122,30.871,57.84,50.628,52.624,6.26,15.873,2068,1
53.232,61.799,146.364,85.125,103.104,5.951,75.881,54.708,60.137,135.323,66.333,0,0,0,1981,32
34.495,32.955,58.041,50.17,53.429,5.218,11.907,34.467,0,57.398,51.695,53.48,5.128,13.427,2068,1
0,0,105.47,82.919,84.168,13.093,20.506,0,0,109.56,0,0,13.921,0,1778,4
52.574,62.643,100.792,85.088,88.112,14.195,29.169,56.113,0,107.575,83.411,93.393,5.927,24.438,1778,4
57.205,0,97.696,84.07,88.302,10.592,21.615,0,0,106.267,87.082,88.965,4.873,25.959,1778,4
63.49,0,112.527,85.451,79.676,12.58,17.712,0,0,113.875,0,0,0,0,1778,4
0,0,110.279,0,0,11.643,53.538,51.19,0,110.075,88.11,90.746,13.02,63.066,1778,4
56.94,0,107.735,90.649,67.566,28.237,21.735,0,0,112.159,0,0,0,0,1778,4
56.148,0,108.326,88.527,86.887,13.84,31.866,0,0,111.865,0,0,0,0,1778,4
36.671,0,72.105,58.174,58.043,9.281,13.376,34.919,30.144,75.923,0,0,10.553,0,2068,1
0,0,74.164,58.129,58.478,8.162,0,0,0,70.578,0,0,0,0,2068,1
31.372,28.855,65.356,53.697,56.359,7.227,15.167,31.53,30.539,64.596,52.373,54.765,7.065,0,2068,1
35.586,41.52,67.613,55.886,53.527,7.828,12.129,0,0,66.552,0,0,0,0,2068,1
33.524,28.471,68.994,57.639,53.998,6.187,8.615,0,0,68.387,52.371,53.397,6.142,12.826,2068,1
34.591,38.304,80.516,61.274,54.908,13.004,6.229,0,0,76.017,56.963,53.701,7.971,14.201,2068,1
37.076,49.887,74.854,58.356,56.056,12.533,6.415,0,0,69.829,52.659,52.408,4.669,0,2068,1
36.37,36.446,62.145,50.858,58.756,8.087,0,0,0,63.062,52.923,58.383,8.418,0,2068,1
34.565,0,65.251,55.619,50.19,7.093,0,0,0,64.195,52.623,52.599,8.606,0,2068,1
80.116,0,112.964,83.882,79.253,14.556,0,80.869,0,105.428,0,0,0,0,1778,4
33.732,43.853,66.448,58.508,50.687,11.47,15.061,0,0,65.705,54.336,51.485,11.483,0,2068,1
70.628,0,121.554,83.378,88.7,13.367,14.872,0,0,115.907,0,0,0,0,1778,4
35.974,34.625,63.36,0,0,0,0,36.67,29.782,59.9,0,0,0,0,2068,1
38.928,51.34,69.746,55.722,54.085,3.951,0,0,0,64.133,52.227,54.32,4.681,0,2068,1
20.883,25.694,49.08,54.54,48.404,0,0,22.58,19.555,49.971,25.91,0,0,0,2124,33
83.727,0,108.536,96.611,80.602,16.241,29.535,62.03,0,110.95,88.299,83.075,14.42,0,1778,4
71.932,0,118.02,84.206,78.162,15.948,0,46.195,0,124.577,84.854,84.408,12.103,0,1778,4
0,0,54.162,31.779,0,0,0,27.665,30.505,56.364,0,0,0,0,2068,1
20.695,30.013,47.468,60.511,56.815,5.203,27.992,21.433,31.103,42.782,37.82,52.738,5.251,27.577,2124,33
0,0,111.666,0,0,0,0,0,0,100.885,0,0,0,0,1778,4
0,0,102.536,81.566,0,0,0,0,0,96.851,0,0,0,0,1778,4
0,0,116.74,88.319,89.732,12.832,36.869,0,0,115.739,0,0,0,0,1778,4
64.643,49.416,111.961,95.15,90.615,16.557,28.986,0,0,111.002,94.007,89.412,16.31,35.905,1778,4
62.892,65.761,114.803,94.185,96.56,16.204,35.075,0,0,119.468,92.679,101.675,10.117,0,1778,4
65.489,0,114.204,95.002,78.447,18.379,0,0,0,113.032,93.27,86.854,16.466,0,1778,4
38.417,35.095,59.503,104.329,96.984,9.566,26.024,32.376,43.256,54.381,62.739,63.122,7.265,37.369,2168,35
0,0,111.492,86.052,83.572,14.344,0,0,0,110.251,0,0,0,0,1778,4
76.12,0,108.451,91.467,87.537,16,0,0,0,110.563,86.683,83.795,15.015,0,1778,4
85.24,0,106.493,96.465,88.557,13.204,0,0,0,106.668,100.354,0,0,0,1778,4
85.326,0,115.566,96.497,90.715,14.994,0,0,0,120.473,94.489,83.432,20.766,0,1778,4
0,0,116.781,0,0,0,0,0,0,110.083,0,0,0,0,1778,4
0,0,112.961,0,0,0,0,0,0,113.601,0,0,0,0,1778,4
0,0,111.01,87.002,101.21,0,0,0,0,115.925,73.815,103.707,13.523,68.546,1778,4
0,0,118.599,93.533,86.885,16.616,0,0,0,132.55,99.029,100.035,8.083,27.925,1778,4
95.023,0,115.017,96.703,87.518,18.973,0,102.097,0,119.499,97.371,96.047,12.94,0,1778,4
85.6,0,110.351,99.594,86.473,16.887,23.628,98.294,0,113.456,92.463,96.202,8.729,25.49,1778,4
48.499,0,94.974,0,0,0,0,51.839,46.604,86.706,71.806,0,0,0,2139,34
77.847,0,114.492,103.402,94.35,17.66,20.265,87.356,0,116.709,94.244,88.043,18.24,0,1778,4
97.898,0,118.333,95.217,95.005,16.362,22.93,89.765,0,114.937,91.771,87.775,19.288,24.022,1778,4
0,0,119.586,100.172,104.507,7.373,0,0,0,119.014,0,0,0,0,1778,4
0,0,114.103,90.604,87.71,11.696,21.133,0,0,114.761,0,0,0,0,1778,4
0,0,113.825,92.662,93.204,14.617,19.705,102.318,0,116.35,98.763,97.889,14.529,0,1778,4
0,0,70.378,0,0,0,0,43.793,39.44,84.379,52.543,59.993,10.103,30.589,2313,36
0,0,114.608,98.86,94.379,17.866,0,98.226,0,118.394,98.051,97.574,10.019,0,1778,4
0,0,114.393,101.807,87.365,16.006,0,0,0,117.918,95.129,93.236,13.401,0,1778,4
82.036,0,114.243,100.405,86.555,18.543,0,0,0,118.066,91.605,94.686,14.088,0,1778,4
85.759,0,111.972,104.278,85.761,17.209,0,91.114,0,116.425,96.031,89.387,10.204,0,1778,4
74.876,0,113.265,101.762,90.373,17.428,24.569,104.373,0,122.597,93.593,89.879,18.955,23.498,1778,4
87.969,0,111.558,93.634,95.747,15.913,23.226,101.172,0,117.073,88.788,89.627,19.33,25.508,1778,4
73.906,0,121.358,97.201,99.102,18.155,0,0,0,124.254,0,0,0,0,1778,4
0,0,121.092,91.297,91.054,16.482,0,0,0,123.981,0,0,0,0,1778,4
77.453,0,113.223,89.981,89.501,14.442,20.476,0,0,116.358,87.771,88.335,0,0,1778,4
0,0,120.65,102.433,78.79,25.99,9.005,88.282,0,120.108,97.7,96.672,14.564,0,1778,4
86.955,0,120.382,91.014,94.445,17.71,28.649,95.305,0,112.095,90.414,104.247,13.272,18.503,1778,4
78.505,0,109.457,93.319,87.482,22.113,34.953,104.346,0,117.027,92.346,96.865,10.693,0,1778,4
0,0,108.669,93.677,93.657,14.512,0,0,0,127.166,92.564,92.511,8.397,0,1778,4
42.383,35.804,93.644,50.641,122.525,10.369,41.471,43.16,34.463,80.681,53.142,79.938,7.715,52.286,2377,37
38.133,39.273,88.852,51.602,94.861,7.969,43.492,46.947,36.47,75.317,56.826,72.923,7.337,51.259,2377,38
37.116,39.736,76.069,59.62,56.958,7.621,49.862,38.306,38.691,71.456,59.713,54.401,7.439,43.817,2377,37
0,0,108.057,82.085,0,0,0,0,0,112.536,84.255,0,0,0,1778,4
65.975,0,109.578,90.841,91.617,21.713,35.373,0,0,114.286,0,0,0,0,1778,4
54.518,51.959,118.763,119.46,106.871,8.249,70.689,51.359,91.777,110.204,82.295,173.792,17.19,50.56,2377,37
64.409,0,106.875,80.67,95.877,13.55,30.333,0,0,106.534,0,0,0,0,1778,4
62.989,56.287,137.128,102.223,156.224,13.404,78.306,0,0,123.201,94.396,244.037,0,0,2377,37
81.339,0,106.641,80.273,80.329,15.769,30.063,0,0,110.003,82.075,89.816,12.25,23.356,1778,4
31.198,24.141,54.473,34.607,39.395,6.431,30.498,0,0,46.158,0,0,4.714,27.714,2390,38
72.232,0,99.515,78.144,74.257,11.997,24.501,83.598,0,103.928,0,0,0,0,1778,4
76.835,70.957,185.043,102.427,253.531,20.464,107.495,0,0,146.885,105.853,213.122,20.682,100.345,2377,37
29.39,30.674,52.309,39.957,45.56,4.848,30.104,0,0,43.962,0,0,6.465,29.822,2390,38
0,0,100.444,80.008,83.641,11.807,23.565,96.422,0,102.949,81.868,81.081,9.347,23.253,1778,4
77.256,0,95.87,78.591,68.754,16.858,26.971,87.845,0,106.552,83.525,82.42,7.416,0,1778,4
31.978,25.969,55.396,38.836,38.857,8.097,36.004,0,0,49.14,0,0,0,0,2390,38
0,0,96.019,82.78,67.922,15.837,0,0,0,101.465,82.531,78.889,9.886,0,1778,4
54.296,0,95.628,91.53,74.03,14.586,0,0,0,100.672,76.233,80.667,9.64,0,1778,4
26.5,19.785,47.048,40.861,0,0,0,0,0,42.499,0,0,0,0,2390,38
72.517,0,92.63,79.965,70.293,16.219,24.425,54.111,0,97.137,77.826,75.877,8.431,17.73,1778,4
30.194,23.713,64.516,41.468,42.524,7.434,41.819,0,0,54.332,40.15,44.314,8.72,32.831,2390,38
52.469,0,93.423,82.49,77.581,14.158,19.949,58.979,0,98.419,77.602,75.684,16.163,0,1778,4
33.971,23.981,78.011,40.996,49.935,7.616,44.935,0,0,57.404,43.125,53.57,8.679,35.563,2390,38
52.582,0,95.591,75.537,78.102,12.282,26.884,63.021,0,96.263,69.746,72.831,14.2,0,1778,4
37.139,32.261,65.799,44.834,44.233,5.734,24.57,0,0,51.727,0,0,0,0,2390,38
55.493,0,92.204,72.379,79.77,7.225,0,0,0,94.5,0,0,0,0,1778,4
30.807,21.38,64.127,0,0,0,0,0,0,45.969,0,0,0,0,2390,38
0,0,99.408,75.027,68.165,10.986,28.932,57.625,0,103.391,69.11,70.267,9.709,0,1778,4
50.967,0,94.166,72.935,68.196,8.074,16.469,0,0,93.795,72.388,60.338,9.333,0,1778,4
57.815,0,90.381,71.723,79.366,11.835,24.393,0,0,98.409,76.008,73.876,12.731,0,1778,4
76.646,0,87.637,71.376,67.199,10.877,10.908,0,0,89.987,66.048,65.512,9.967,12.871,1778,4
70.708,0,87.994,67.569,66.159,11.917,0,64.196,0,88.39,0,0,0,0,1778,4
69.33,0,88.004,69.741,65.444,8.757,0,61.451,0,86.189,0,0,0,0,1778,4
47.144,0,91.866,71.196,71.964,10.973,16.254,58.356,0,94.461,65.32,67.128,11.423,0,1778,4
50.572,0,87.633,67.046,74.621,8.107,28.895,0,0,89.635,0,0,0,0,1778,4
58.743,0,90.716,67.533,63.499,12.593,20.136,62.892,0,91.341,69.474,73.423,8.489,21.081,1778,4
58.91,0,83.913,67.89,72.846,8.333,14.008,0,0,84.095,69.17,67.72,4.776,25.04,1778,4
61.448,0,84.673,69.559,70.755,6.907,13.036,65.116,0,86.319,67.176,70.142,4.313,0,1778,4
43.342,0,77.427,65.853,69.922,11.981,16.524,0,0,76.313,64.165,71.243,6.114,0,1778,4
0,0,90.484,66.078,71.801,8.518,0,49.504,0,83.32,0,0,0,0,1778,4
0,0,85.693,66.89,66.274,9.392,0,55.167,0,84.375,0,0,0,0,1778,4
66.628,0,86.324,70.647,70.12,7.534,0,53.068,0,88.278,0,0,0,0,1778,4
48.251,0,82.648,65.543,71.439,8.858,7.877,64.83,0,80.289,69.554,70.258,4.367,0,1778,4
46.55,0,80.39,66.004,61.697,12.189,21.885,0,0,80.578,68.474,68.102,6.548,0,1778,4
45.374,0,82.309,68.769,68.108,10.711,15.731,0,0,78.06,62.598,67.959,7.062,0,1778,4
48.114,0,79.49,75.879,77.384,8.233,16.333,0,0,76.935,74.735,81.893,6.253,0,1778,4
23.998,28.567,65.224,39.6,38.833,3.981,36.453,28.105,33.369,55.399,35.981,37.802,5.55,32.837,2506,40
29.011,27.969,66.364,35.29,42.986,5.975,38.68,0,0,52.849,33.769,50.406,6.822,30.523,2506,40
30.222,25.353,62.33,35.378,40.346,5.82,33.141,0,0,50.394,34.214,39.598,6.518,24.758,2506,40
13.711,14.944,34.32,36.882,38.093,3.496,13.901,13.017,13.126,36.668,43.594,42.003,4.375,12.227,2453,39
31.153,27.606,73.145,37.154,47.748,5.711,39.022,0,0,56.212,35.399,57.183,8.049,28.15,2506,40
35.295,38.745,74.849,43.958,47.331,7.297,36.455,0,0,60.588,0,0,0,20.248,2506,40
37.915,37.738,80.284,35.669,53.882,7.646,48.417,0,0,66.043,42.223,45.232,7.835,34.116,2506,40
46.228,40.45,95.885,51.745,69.095,11.493,44.751,0,0,72.877,47.194,60.07,11.9,39.409,2506,40
44.029,45.302,98.877,58.846,69.132,10.741,53.218,0,0,79.128,58.642,66.738,8.806,41.95,2506,40
31.572,22.288,55.091,38.369,58.363,0,0,30.279,23.21,51.27,40.541,50.933,2.818,33.424,2724,41
22.605,31.405,45.98,51.324,44.827,6.727,25.311,28.241,29.936,46.543,30.941,48.025,5.296,18.162,2724,41
29.906,34.246,70.636,45.58,0,0,0,31.401,36.622,63.814,40.336,0,0,0,2724,41
35.761,0,54.193,41.856,39.333,6.626,10.399,38.207,0,50.626,39.769,40.685,10.508,16.004,2989,4
39.33,0,49.226,44.208,39.606,6.961,8.866,38.847,0,48.624,41.019,39.136,5.67,9.519,2989,4
0,0,50.542,41.314,42.023,3.374,0,0,0,48.753,0,0,0,0,2989,4
0,0,50.51,38.29,0,0,0,0,0,48.733,0,0,0,0,2989,4
0,0,51.441,41.99,38.264,5.589,11.617,0,0,48.116,38.704,39.607,6.42,0,2989,4
29.756,0,51.53,43.028,40.186,7.474,12.712,0,0,49.821,39.377,39.856,4.786,10.554,2989,4
29.877,0,51.197,41.27,40.516,7.299,13.512,0,0,49.092,38.901,37.856,0,0,2989,4
