Sho to Elb (L),Elb to Wrist (L), Sho to Hip (L),Hip to Knee (L),Knee to Ankle (L),Ankle to Heel (L), Heel to Foot (L),Sho to Elb (R),Elb to Wrist (R), Sho to Hip (R),Hip to Knee (R),Knee to Ankle (R),Ankle to Heel (R), Heel to Foot (R),Track ID
31.309,33.735,52.95,45.739,62.94,0,0,24.611,28.084,58.366,39.65,79.528,0,0,59
33.627,31.519,47.233,48.334,57.016,3.955,40.296,23.926,27.69,53.3,39.751,80.19,0,0,59
31.004,36.235,52.298,44.334,64.592,0,0,24.246,40.101,56.276,42.895,63.656,0,0,59
36.58,42.785,63.363,0,0,0,0,29.748,30.54,76.939,48.751,62.134,6.254,52.048,65
32.476,40.96,56.148,42.06,67.933,0,0,27.869,39.494,62.762,43.708,61.894,0,0,59
34.765,47.281,64.298,0,0,7.974,40.433,31.21,33.299,82.051,53.931,52.371,7.367,55.965,65
33.878,43.262,61.371,42.397,75.199,6.333,43.653,28.01,42.385,68.495,42.296,68.282,4.853,49.784,59
36.918,42.479,65.74,51.873,67.642,7.224,34.597,34.865,34.528,82.398,53.987,47.531,7.719,52.987,65
33.284,50.624,62.76,0,0,0,0,29.627,50.15,68.116,44.275,64.749,3.814,52.046,59
39.181,50.043,69.297,51.884,85.791,9.478,42.318,32.547,37.036,81.334,57.058,58.983,6.273,60.003,65
33.933,0,65.547,0,0,7.707,44.017,31.668,46.383,69.251,47.575,63.904,3.851,54.047,59
41.354,44.724,69.907,51.448,77.015,10.011,39.458,37.386,37.212,79.619,57.539,57.178,4.601,57.661,65
40.746,0,62.811,54.661,108.217,9.551,44.484,32.845,43.884,67.491,49.231,80.585,5.406,56.474,59
48.593,36.347,70.287,53.377,0,0,39.38,37.784,33.301,83.785,55.578,77.395,5.34,55.897,65
44.891,51.855,65.757,99.568,97.55,10.535,39.279,39.394,43.617,74.296,54.766,68.344,11.953,56.883,59
51.821,32.575,68.706,82.92,0,0,0,39.82,34.985,87.15,61.683,76.848,9.492,55.459,65
45.429,51.515,66.76,106.375,84.833,8.622,39.19,42.893,42.798,78.009,55.306,65.61,10.36,53.235,59
53.019,38.69,72.688,61.251,88.025,11.032,42.318,41.835,34.726,88.999,58.532,74.685,9.693,57.321,65
0,0,71.179,103.042,59.006,12.725,57.198,44.459,31.331,84.5,57.442,89.85,0,0,59
53.982,51.506,76.013,71.127,81.426,11.325,56.615,44.972,39.372,103.292,63.241,83.691,12.16,66.647,65
52.923,41.659,74.109,57.645,62.809,13.399,45.915,47.815,38.061,89.576,59.245,67.547,9.333,59.687,59
0,0,82.556,65.064,89.203,10.286,61.509,45.784,40.847,119.194,61.305,106.668,0,0,65
60.431,39.977,83.083,74.136,64.199,13.678,56.247,48.972,37.553,103.236,63.39,92.217,0,0,59
58.092,45.191,83.946,65.281,63.243,11.871,57.105,52.116,39.077,104.682,70.634,97.603,10.526,57.6,59
64.6,51.392,90.68,147.661,79.106,10.705,66.461,55.012,42.606,113.433,69.909,177.405,0,0,59
70.823,50.196,100.881,101.168,93.994,15.009,57.03,64.883,48.931,112.91,81.02,170.771,19.665,44.862,59
0,0,102.73,104.91,91.089,17.746,59.351,69.266,52.323,115.089,92.61,143.897,17.388,54.205,59
72.627,74.955,109.388,97.681,119.913,16.025,66.852,65.714,56.829,146.382,99.993,129.042,15.839,70.664,65
0,0,97.065,0,0,0,0,56.506,0,146.402,63.656,109.58,17.964,66.535,65
50.837,0,76.332,65.393,68.424,12.154,18.89,53.774,0,80.085,66.033,68.732,12.159,24.231,556
48.103,0,79.975,65.681,73.733,11.321,14.781,55.979,0,81.653,82.609,69.721,14.107,0,556
0,0,74.346,0,0,20.656,34.133,37.113,31.87,87.679,62,58.426,13.307,44.071,556
38.183,0,67.643,52.372,44.786,6.19,18.281,37.881,0,69.202,49.93,49.785,6.767,26.619,556
0,0,75.743,78.121,73.002,7.496,46.059,0,0,69.092,55.816,67.426,0,0,556
77.085,114.73,100.787,54.371,141.031,0,0,38.204,64.6,91.3,49.891,158.263,14.028,54.295,809
80.581,123.583,106.491,50.991,125.321,8.42,73.825,48.027,53.781,93.167,50.739,129.673,10.461,68.198,809
72.226,100.205,89.508,54.606,89.185,7.986,65.247,47.834,52.004,87.981,68.582,85.219,9.386,72.129,809
86.273,112.511,97.53,61.215,112.26,9.81,66.422,45.656,62.694,89.672,74.28,83.364,9.382,78.782,809
91.355,126.203,109.004,85.261,138.017,0,0,48.009,65.575,91.778,90.154,79.122,12.245,85.879,809
78.044,94.582,85.896,59.369,122.445,0,0,50.529,46.597,85.307,69.186,83.722,11.236,58.596,809
28.415,21.496,45.303,27.001,64.253,5.481,25.373,22.828,22.645,49.714,27.355,56.292,4.905,29.78,917
23.871,29.081,52.984,27.763,71.098,5.757,30.85,23.403,30.457,56.301,37.075,68.723,5.719,34.575,917
16.645,6.431,30.513,24.777,23.149,3.323,16.512,0,0,33.002,25.666,23.177,4.26,16.572,930
21.818,39.884,52.937,0,0,0,0,22.241,29.354,50.156,31.916,60.021,5.509,38.781,917
20.415,0,51.068,66.201,56.84,5.406,37.477,21.951,28.054,49.765,56.512,50.54,0,0,930
21.701,29.927,53.202,34.573,64.855,0,0,0,0,43.478,40.682,49.582,0,0,930
26.483,28.814,54.603,34.845,44.935,3.662,38.919,25.693,24.632,60.903,34.195,60.114,5.272,34.486,930
25.675,25.31,60.254,40.41,46.864,0,0,24.795,25.244,70.299,34.828,64.252,0,0,930
27.417,23.314,54.016,73.059,39.598,0,0,25.773,22.598,56.522,36.887,77.155,0,0,930
31.08,28.338,64.438,50.246,63.963,0,0,28.73,26.829,65.706,37.878,90.953,0,0,930
32.896,0,66.611,45.143,78.563,0,0,35.199,35.271,67.305,43.711,83.076,0,0,917
36.098,32.349,75.283,49.119,52.942,0,0,34.838,32.178,71.13,65.879,57.415,0,0,930
31.485,29.983,61.919,60.287,42.382,0,0,31.721,30.319,58.386,66.848,43.968,0,0,930
0,0,98.597,101.142,157.344,14.87,60.064,46.584,49.99,104.469,59.49,134.969,0,0,917
0,0,87.706,55.892,0,0,0,48.088,49.038,108.583,59.796,121.235,0,0,917
45.501,47.964,90.096,75.478,69.403,0,0,51.996,45.284,85.937,0,0,0,0,930
50.672,53.235,115.195,84.099,79.557,0,0,63.5,0,99.098,0,0,0,0,930
17.622,0,41.334,25.28,31.836,3.669,9.841,19.796,0,43.808,0,0,3.509,0,985
17.831,0,27.074,20.832,28.74,0,0,14.85,11.857,25.609,20.642,26.515,2.86,11.694,877
16.632,18.368,37.381,23.791,50.224,3.842,25.122,17.415,0,39.926,23.314,53.447,0,0,960
19.666,31.861,49.564,29.298,56.334,4.394,29.901,22.401,23.411,49.121,29.084,58.502,6.299,28.33,994
0,0,118.011,94.198,105.857,20.442,30.831,0,0,124.581,99.336,112.836,18.389,50.845,1060
0,0,111.828,0,0,0,0,0,0,113.497,0,0,0,0,1060
16.798,19.028,29.774,27.898,32.369,0,0,0,0,32.027,26.759,27.063,0,0,960
20.922,29.825,49.857,32.074,55.17,4.042,28.356,21.141,27.984,46.844,29.551,49.751,3.872,30.106,994
21.033,32.518,55.022,28.257,53.71,3.509,33.895,22.679,30.521,53.32,29.326,50.464,3.877,32.206,994
0,0,126.754,114.3,102.569,13.575,28.792,0,0,124.727,82.114,89.785,15.583,55.373,1060
0,0,123.439,152.165,138.327,15.375,32.782,0,0,134.661,83.063,97.598,12.688,63.162,1060
20.045,34.841,45.399,36.62,51.442,0,0,19.218,50.349,45.619,0,0,0,0,994
21.938,25.779,45.88,32.113,53.922,0,0,0,0,40.936,30.935,45.853,0,0,994
0,0,119.941,90.45,89.926,20.65,41.941,0,0,124.096,103.965,102.447,19.605,42.682,1060
22.867,29.614,48.879,34.76,0,0,0,0,0,43.76,0,0,0,0,994
0,0,115.992,90.563,94.018,18.162,34.694,77.761,0,122.406,108.527,104.204,19.749,37.497,1060
0,0,111.269,0,0,23.151,45.689,73.918,0,122.637,94.135,88.523,14.07,49.224,1060
0,0,110.522,0,0,0,0,71.047,0,125.376,95.378,96.682,14.742,49.344,1060
0,0,103.86,111.211,106.217,9.992,17.805,62.13,89.169,124.447,87.515,91.33,17.721,46.069,1060
0,0,106.025,107.667,96.576,6.431,24.644,80.141,0,117.774,95.59,103.011,26.047,49.659,1060
39.254,34.579,112.139,63.171,61.081,0,0,43.108,0,92.737,0,0,0,0,994
41.191,38.109,102.396,80.246,66.953,7.188,54.74,42.251,0,88.036,54.344,71.435,7.904,44.716,994
0,0,115.85,93.649,92.416,17.339,30.569,90.631,0,128.126,109.649,103.724,18.8,35.998,1060
63.433,0,115.644,55.979,102.053,0,0,62.239,0,111.92,56.351,105.872,13.519,0,1078
0,0,114.012,90.084,91.6,16.091,22.776,0,0,121.14,118.679,100.496,18.402,28.898,1060
55.778,0,88.143,93.931,92.93,9.616,49.663,48.81,0,88.682,59.505,84.718,12.383,60.422,1078
51.736,50.29,145.313,92.844,80.821,10.504,66.585,55.762,63.762,123.048,60.357,122.562,13.279,45.772,994
52.871,64.679,169.276,145.039,114.541,13.02,84.851,60.489,74.519,142.02,70.534,164.934,17.078,59.15,994
79.474,84.39,210.65,127.311,0,0,0,0,0,143.145,190.433,0,0,0,994
0,0,106.534,87.334,83.794,12.247,0,0,0,106.824,0,0,0,0,1282
61.988,0,106.187,90.825,88.171,13.63,0,0,0,108.447,0,0,0,0,1282
60.862,0,105.652,87.757,82.317,13.673,11.295,0,0,111.171,0,0,0,0,1282
0,0,103.848,84.979,88.964,8.469,0,0,0,103.964,82.003,87.542,0,0,1282
28.345,23.041,47.033,35.661,42.589,0,0,27.836,27.217,48.911,35.977,42.827,4.345,36.353,960
21.088,25.301,42.963,37.406,52.298,0,0,23,0,42.817,30.043,0,0,0,960
0,0,111.302,87.438,88.655,14.11,21.032,0,0,119.814,87.54,90.165,14.148,0,1282
0,0,105.437,94.558,88.966,18.32,25.771,0,0,112.315,93.597,95.168,12.103,0,1282
0,0,105.222,101.045,98.981,16.478,0,0,0,117.636,88.929,97.741,9.594,0,1282
0,0,101.424,88.828,74.258,19.264,20.714,80.548,0,108.661,86.187,79.514,9.331,0,1282
37.605,51.586,41.471,30.796,43.009,4.338,37.901,27.078,0,44.118,34.133,56.955,4.321,33.815,1178
32.88,58.79,45.753,31.439,57.402,4.597,39.067,25.822,64.688,49.076,31.104,66.072,5.208,35.375,1178
40.398,67.887,44.824,46.463,46.036,3.893,43.141,22.203,50.884,51.941,33.397,74.355,6.765,33.961,1178
38.735,63.223,51.372,39.933,59.419,3.974,40.203,22.652,37.134,54.504,32.17,96.646,8.526,30.405,1178
50.622,67.542,54.644,35.697,56.467,4.367,37.735,25.271,33.109,52.709,33.475,79.741,7.173,29.091,1178
48.371,0,66.101,38.57,73.494,0,0,26.228,43.168,67.397,37.675,74.035,6.727,43.998,1178
91.197,46.514,98.477,102.418,181.872,0,0,74.767,88.248,101.65,81.587,117.26,10.3,59.838,960
0,0,108.662,105.047,94.147,15.825,0,0,0,123.533,94.932,95.414,13.329,0,1282
66.719,41.654,108.32,91.387,91.257,0,0,79.165,88.746,112.935,75.735,89.397,0,0,960
0,0,138.066,114.239,115.456,13.059,0,0,0,126.255,97.511,103.033,14.546,0,1282
69.229,113.199,73.327,64.641,66.847,7.113,68.697,35.733,90.489,75.917,66.232,106.373,9.186,53.42,1178
87.455,132.741,109.045,80.729,139.436,10.036,80.807,0,0,106.289,63.286,181.066,17.847,59.069,1178
84.207,128.019,99.986,76.634,116.413,10.109,73.782,58.97,64.363,91.111,85.525,159.245,14.545,56.143,1178
100.509,112.808,128.157,75.175,92.194,9.077,84.531,0,0,110.329,0,0,0,0,1178
0,0,91.769,67.028,80.69,0,0,0,0,90.713,0,0,0,0,1282
47.994,90.675,66.825,52.735,112.092,9.523,47.762,65.951,47.476,88.555,51.726,71.572,4.754,60.096,1351
15.644,17.562,31.906,21.997,28.05,0,0,15.088,13.661,34.677,21.088,27.236,0,0,1441
53.778,0,79.959,70.193,63.248,7.766,14.028,0,0,91.975,69.344,62.095,8.464,0,1513
69.902,0,89.33,64.797,71.171,5.059,30.055,0,0,88.593,0,0,0,0,1513
68.25,0,83.332,65.475,77.075,12.97,39.047,0,0,85.563,66.864,70.383,9.952,19.702,1513
0,0,85.362,62.836,65.496,11.86,25.522,0,0,88.259,0,0,0,0,1513
0,0,79.933,61.304,60.615,2.939,15.284,0,0,83.55,63.827,59.101,3.973,0,1513
0,0,77.755,63.367,60.531,4.917,0,0,0,82.709,59.454,59.888,0,0,1513
18.314,16.748,32.882,23.368,27.248,2.465,13.579,16.494,11.964,32.52,23.306,26.222,2.827,12.001,1581
17.812,22.559,33.639,26.877,23.821,3.763,5.781,0,0,31.145,0,0,3.847,8.19,1581
19.915,0,33.482,25.741,23.079,3.926,3.727,19.213,0,30.491,26.393,23.583,3.597,4.589,1581
0,0,80.977,62.094,60.377,11.956,25.664,0,0,80.621,0,0,0,0,1513
42.411,46.291,87.666,65.054,61.863,8.427,19.293,0,0,86.132,64.397,62.21,7.946,26.618,1513
51.494,0,84.615,65.926,57.115,11.177,18.363,0,0,81.818,66.707,56.394,13.99,16.687,1513
46.397,0,82.182,67.784,61.022,4.213,17.637,56.796,0,82.468,67.031,64.61,3.278,22.475,1513
0,0,85.398,62.802,67.34,8.675,16.609,0,0,82.242,0,0,0,0,1513
0,0,87.581,65.492,67.216,8.612,36.761,0,0,82.915,63.219,74.365,0,0,1513
0,0,86.838,67.275,64.895,6.551,15.969,0,0,88.075,65.713,63.781,11.646,24.196,1513
16.363,14.625,28.475,23.091,28.324,3.435,11.119,18.136,11.046,30.399,24.155,27.367,3.49,0,1581
50.767,0,76.044,57.298,59.268,9.285,0,49.87,0,75.606,58.994,0,0,0,1513
54.304,0,80.881,68.406,69.937,7.52,11.826,61.042,0,81.718,64.974,71.845,6.605,17.342,1513
0,0,71.928,61.186,70.948,7.582,0,0,0,74.514,0,0,0,0,1513
0,0,74.924,59.317,0,0,0,0,0,74.428,0,0,0,0,1513
0,0,86.462,66.282,63.34,5.971,0,45.646,0,86.592,66.154,67.138,4.114,0,1513
0,0,77.139,65.89,59.297,11.363,10.523,0,0,78.837,62.166,68.819,5.437,0,1513
3.557,3.048,7.663,4.378,5.947,0.802,3.075,0,0,6.969,0,0,0,0,1566
11.673,14.299,22.775,24.087,24.88,0,0,10.672,6.287,26.065,26.341,27.104,0,0,1178
12.51,11.007,26.812,25.178,24.563,2.642,8.426,12.673,10.017,28.924,20.846,19.945,2.329,9.107,1178
13.118,13.956,17.813,27.261,25.831,3.165,11.324,12.294,8.829,19.358,25.006,22.22,2.411,13.054,1178
0,0,77.398,65.435,70.716,6.277,10.715,0,0,78.053,63.661,69.069,8.825,0,1513
0,0,80.949,63.956,68.86,6.182,0,0,0,82.14,0,0,10.551,0,1513
42.315,0,81.999,65.678,66.903,8.453,0,0,0,84.897,65.176,0,0,0,1513
57.182,61.399,123.526,89.61,86.576,17.515,55.659,0,0,114.645,0,0,0,0,1672
0,0,75.894,0,0,0,0,0,0,74.82,0,0,0,0,1513
0,0,68.109,58.083,53.612,7.713,0,0,0,70.091,0,0,0,0,1513
16.181,0,27.451,39.398,49.852,5.096,0,16.047,19.939,30.397,38.139,44.788,4.173,16.684,1178
53.982,0,76.328,63.599,66.32,6.615,5.655,0,0,78.425,62.721,64.908,5.599,0,1513
22.006,0,38.183,27.138,26.171,5.091,6.84,0,0,36.28,27.54,25.644,3.999,0,948
21.022,26.149,38.854,72.702,50.333,4.822,28.849,18.398,21.631,42.513,43.023,53.276,5.119,28.129,1178
52,0,74.052,53.997,53.252,8.516,0,0,0,72.853,55.23,0,0,0,1513
17.032,0,24.422,45.902,35.931,2.78,26.441,0,0,26.589,46.766,41.585,3.787,23.704,1178
0,0,74.479,60.752,57.809,10.006,8.887,0,0,78.104,60.454,59.164,2.906,0,1513
0,0,38.905,26.682,24.278,4.638,6.801,15.077,0,39.353,25.385,24.01,3.838,0,948
53.549,0,70.374,57.35,56.505,7.667,9.847,49.481,0,73.7,57.12,53.951,8.66,0,1513
20.054,0,40.015,29.32,26.691,4.418,4.332,0,0,39.272,27.934,26.575,4.249,7.448,1581
23.931,22.103,57.728,32.25,0,0,0,23.594,27.735,65.594,0,0,0,0,1178
44.335,0,73.486,69.543,67.39,11.358,6.187,0,0,76.396,68.093,70.555,5.822,0,1513
29.027,26.455,52.119,33.393,66.423,0,0,25.525,27.887,60.18,34.918,0,0,0,1178
27.001,31.26,59.495,37.62,61.428,0,0,27.473,31.001,66.485,32.186,0,0,0,1178
42.487,0,76.096,61.862,70.344,6.539,13.241,0,0,78.333,60.399,66.869,9.847,19.786,1513
29.855,26.396,55.666,52.891,73.583,5.587,36.545,29.267,27.83,62.25,48.125,92.408,10.27,24.873,1178
47.572,0,79.162,64.808,61.864,3.833,12.756,60.395,0,77.767,60.046,61.524,0,0,1513
30.479,44.913,63.134,76.08,78.232,5.597,52.532,29.352,39.555,68.685,49.487,98.019,8.65,42.156,1178
48.521,0,79.23,63.383,63.064,6.105,12.516,0,0,81.285,60.822,0,0,0,1513
32.817,49.687,67.757,58.962,102.054,7.796,50.653,31.936,48.786,71.455,75.565,103.371,8.379,50.579,1178
50.855,0,76.263,63.13,62.458,3.954,0,0,0,79.032,0,0,0,0,1513
38.683,31.808,66.666,55.435,102.2,8.868,48.5,33.853,37.036,72.737,51.008,93.913,7.616,51.005,1178
38.41,44.152,79.113,48.194,96.731,6.833,53.917,36.741,44.829,81.388,48.294,84.613,6.624,59.15,1178
33.165,56.52,84.907,50.743,94.916,7.925,52.574,38.996,43.578,80.904,48.124,84.789,6.745,58.679,1178
0,0,72.18,57.087,0,0,0,28.155,0,77.591,0,0,0,0,1513
20.197,24.025,45.4,28.712,41.831,3.165,31.621,23.501,20.266,41.506,30.987,42.067,0,0,1566
38.394,43.621,80.715,48.754,97.141,7.129,42.447,40.765,42.806,79.518,55.723,66.656,5.71,53.98,1178
37.194,40.136,80.394,43.524,99.553,0,0,39.383,41.166,78.408,65.917,72.364,8.401,51.537,1178
47.404,48.685,111.015,61.118,114.527,7.495,54.893,50.744,49.955,106.884,60.402,76.738,6.176,64.631,1178
19.733,27.809,44.073,51.237,45.522,0,0,22.002,24.502,44.779,51.625,43.394,4.209,26.967,1663
44.619,39.982,90.707,59.035,70.803,0,0,44.905,40.764,95.77,62.201,66.295,10.807,48.19,1178
49.646,45.785,105.645,64.027,82.181,8.35,62.536,46.419,0,111.821,63.968,77.991,9.548,54.966,1178
28.54,24.626,53.421,55.147,57.046,0,0,23.788,25.001,57.159,46.888,53.711,3.692,32.528,1672
30.025,46.118,58.753,40.839,84.372,5.785,46.961,25.161,45.341,57.554,39.394,97.089,7.725,40.893,1663
30.631,27.576,55.681,48.551,70.727,0,0,24.576,26.034,57.314,46.839,75.279,0,0,1672
27.012,0,70.136,47.466,93.523,6.213,53.178,30.605,38.486,69.129,51.379,92.679,0,0,1663
82.988,87.842,138.089,109.612,114.024,14.844,0,66.73,0,136.332,105.734,0,0,0,1689
33.487,44.803,77.749,46.254,80.241,5.854,53.986,32.805,41.123,73.986,48.095,76.838,0,0,1663
36.684,43.09,80.375,45.839,90.194,6.564,51.502,34.826,38.743,80.329,45.659,82.534,0,0,1672
84.549,86.752,141.562,104.288,110.042,20.198,0,63.847,0,138.896,106.547,102.751,19.028,0,1689
32.257,53.745,74.091,44.843,97.053,6.557,53.406,33.207,48.521,70.555,44.984,82.484,0,0,1672
74.998,73.778,127.871,103.698,99.823,15.626,36.146,65.096,0,127.821,102.523,106.677,17.675,0,1689
29.465,53.029,65.352,78.559,73.079,5.688,52.422,32.386,52.637,60.987,77.211,68.368,0,0,1672
72.781,81.932,120.874,101.577,110.652,8.823,42.782,60.16,0,116.672,103.163,105.635,11.443,0,1703
41.951,46.099,85.783,52.035,128.915,9.847,53.538,41.424,45.585,81.215,52.984,108.108,8.971,58.29,1663
71.639,75.156,122.277,102.173,117.416,20.553,44.512,65.838,60.228,121.774,0,0,10.494,0,1703
42.659,53.546,83.193,58.848,104.094,0,0,38.927,52.933,81.843,55.445,97.094,0,0,1663
66.2,69.171,117.767,105.238,115.186,18.561,35.854,65.716,67.855,122.625,0,0,0,0,1689
64.254,73.344,113.026,106.289,113.939,0,0,66.834,75.154,115.341,0,0,0,0,1703
43.578,47.067,86.983,61.401,94.564,0,0,36.157,0,85.923,58.199,89.804,0,0,1672
61.944,75.187,104.89,100.019,0,0,0,63.691,76.389,104.852,0,0,0,0,1689
49.912,54.114,107.211,65.811,128.51,9.563,66.77,0,0,99.459,63.331,132.865,0,0,1672
58.671,66.631,107.725,92.204,0,0,0,61.852,75.403,111.438,0,0,0,0,1689
48.69,74.475,97.21,74.831,127.144,0,0,52.708,111.839,99.123,69.576,127.14,0,0,1672
61.941,69.582,116.772,96.138,109.334,11.456,13.652,59.155,73.387,116.529,0,0,0,0,1689
52.819,80.694,106.575,80.174,137.14,9.573,74.525,58.631,118.112,105.752,72.684,174.255,0,0,1672
62.523,60.934,114.095,80.53,81.279,8.456,24.668,58.508,77.397,109.409,78.683,79.6,10.49,30.771,1689
54.423,80.53,111.618,81.631,137.32,10.903,69.591,47.479,84.503,108.913,79.147,194.699,0,0,1663
55.654,71.162,113.175,83.488,136.369,11.059,63.514,49.471,91.64,109.546,77.961,193.024,0,0,1672
63.152,67.37,120.193,86.195,75.234,7.405,27.15,60.715,88.476,107.87,92.437,76.571,12.944,29.875,1689
60.447,80.267,126.214,97.425,167.515,12.664,80.527,64.089,69.337,119.883,91.799,194.883,0,0,1663
60.309,83.908,127.937,92.397,211.168,16.923,78.328,63.383,78.793,122.825,94.087,201.18,18.151,72.148,1672
67.696,68.508,111.484,93.121,96.111,13.303,19.013,55.679,0,109.741,96.425,100.879,10.807,30.173,1689
65.426,85.796,128.634,95.867,182.209,0,0,65.694,103.661,122.69,162.06,135.583,12.294,102.125,1672
63.67,70.839,112.428,91.879,87.39,12.941,25.355,0,0,112.382,89.587,94.873,9.782,34.107,1689
63.513,70.625,107.662,89.365,84.831,12.62,0,58.954,0,112.636,83.718,85.574,16.867,0,1703
73.03,79.512,153.641,116.864,0,0,0,92.654,0,140.091,107.31,177.926,0,0,1672
60.542,64.533,106.306,92.379,69.891,12.147,0,0,0,103.009,78.818,85.028,7.766,32.542,1689
61.2,62.604,110.205,89.338,71.676,9.744,13.773,0,0,103.419,82.073,79.344,6.666,27.817,1703
68.639,51.959,100.258,83.848,82.273,8.886,0,52.893,0,99.308,85.361,81.064,13.277,0,1689
89,69.3,181.479,128.116,237.621,0,0,0,0,165.499,123.866,0,0,0,1672
58.955,66.355,97.584,82.741,80.521,9.101,21.712,55.38,0,98.722,77.554,77.612,8.631,20.404,1689
54.152,62.191,90.476,81.983,87.751,4.377,0,51.984,0,88.432,84.841,83.157,6.96,0,1663
58.386,63.234,101.309,84.372,78.004,9.143,17.5,60.012,0,97.89,84.785,77.425,12.49,0,1689
60.519,64.689,106.271,92.691,90.867,10.22,14.316,58.188,0,101.239,91.598,94.531,13.728,20.68,1663
61.102,66.302,109.067,92.299,92.585,7.368,15.319,63.212,0,104.595,92.15,96.98,15.18,0,1689
59.384,58.748,93.951,84.218,99.283,12.247,0,48.662,0,84.241,81.121,99.342,12.983,0,1689
42.478,25.932,70.001,62.491,55.982,6.579,10.27,0,0,71.214,61.63,56.203,9.581,15.954,1513
58.304,65.849,84.404,101.568,0,0,0,54.849,75.919,79.069,102.038,121.073,15.465,0,1663
37.948,34.899,71.422,64.701,66.822,7.159,16.604,41.326,0,71.655,64.729,67.101,5.444,0,1513
56.227,0,97.465,70.207,73.263,11.503,0,46.468,0,94.169,0,0,0,0,1663
53.73,50.96,94.485,73.191,79.566,9.595,16.414,48.783,0,89.328,76.131,81.635,8.187,28.457,1663
53.258,49.534,89.303,71.006,71.546,10.371,0,51.284,0,90.859,72.075,80.956,4.524,0,1663
0,0,60.668,50.094,0,0,0,0,0,61.906,0,0,0,0,1513
51.327,52.263,92.074,85.675,70.788,11.523,10.623,66.231,0,88.22,71.421,78.81,6.583,23.977,1663
0,0,66.679,54.041,0,0,0,0,0,65.9,0,0,0,0,1513
48.357,52.097,87.455,75.628,66.116,9.988,9.883,56.193,0,85.963,68.274,69.534,14.193,0,1663
45.958,50.848,96.299,67.299,68.966,9.123,20.113,47.465,0,91.295,71.93,67.952,13.08,23.398,1672
44.283,57.958,85.954,68.285,69.997,7.243,17.94,47.56,0,83.256,73.583,69.579,8.259,12.75,1672
44.156,58.119,88.267,66.917,74.011,7.704,14.599,42.948,64.095,85.062,78.783,78.725,11.598,14.955,1672
46.927,71.909,89.054,78.32,78.908,11.043,19.135,47.494,64.673,88.193,85.867,90.468,12.453,18.575,1689
36.122,0,69.676,57.272,61.308,5.404,12.967,0,0,71.323,58.627,60.513,4.223,20.34,1513
45.302,66.754,86.414,70.516,76.934,7.407,9.438,44.451,65.697,83.826,80.112,80.739,10.052,12.525,1663
46.354,72.022,84.866,65.973,75.417,6.913,17.734,44.499,63.938,80.056,80.539,78.184,10.483,16.117,1689
36.387,0,68.072,60.163,63.956,11.044,15.474,0,0,71.654,61.814,62.058,11.067,20.459,1513
40.593,48.881,76.949,60.941,64.074,11.061,0,38.918,50.986,76.681,60.886,63.4,6.399,0,1663
0,0,63.523,59.242,64.233,6.351,9.295,0,0,63.847,58.276,60.991,8.511,0,1513
37.46,0,69.164,59.577,57.416,9.602,11.57,0,0,70.948,57.997,59.48,3.199,0,1513
0,0,66.94,57.038,53.261,3.351,12.159,0,0,71.168,57.589,50.528,3.484,0,1513
42.601,0,83.511,64.092,66.816,11.556,8.89,42.844,50.657,80.669,72.125,65.573,10.96,11.805,1663
37.945,0,68.602,59.428,63.748,7.579,12.779,0,0,71.349,59.766,66.554,6.306,0,1513
43.635,0,77.637,65.022,73.411,10.745,15.336,41.28,0,75.432,71.04,71.073,9.58,19.121,1663
37.488,30.745,67.556,60.604,64.053,7.923,14.387,0,0,71.221,58.513,65.102,5.2,21.526,1513
42.76,47.652,73.851,61.164,58.549,9.232,16.331,50.659,0,73.802,61.239,66.126,7.234,23.781,1663
38.949,0,68.823,64.85,74.602,7.256,16.207,0,0,70.603,64.167,74.111,8.576,23.101,1513
41.61,54.326,73.025,60.705,60.608,8.758,11.335,53.509,0,74.893,59.101,66.569,7.427,0,1663
42.819,0,73.748,60.803,63.321,9.804,15.024,45.792,0,75.292,61.298,67.574,9.715,0,1689
0,0,71.055,55.712,66.646,8.243,0,0,0,71.295,0,0,0,0,1513
40.969,0,75.508,65.514,64.443,8.056,11.939,46.188,0,75.892,66.321,67.296,7.796,17.6,1689
0,0,72.892,60.455,63.274,5.555,0,0,0,75.705,0,0,0,0,1513
36.622,0,68.23,59.069,0,0,0,35.491,0,71.661,0,0,0,0,1513
37.569,0,71.991,61.257,57.546,9.235,15.621,53.923,0,75.063,55.872,56.726,10.593,0,1513
38.603,45.316,66.587,56.995,57.734,7.47,14.718,39.488,55.508,67.934,63.422,58.06,8.581,13.254,1689
39.375,0,74.247,58.301,54.532,7.869,13.56,0,0,74.743,53.28,54.611,6.718,0,1513
36.882,47.881,64.086,53.121,69.714,7.915,19.37,37.934,47.141,66.395,59.508,65.358,9.197,17.826,1689
37.853,37.866,74.68,52.594,57.602,8.14,11.584,54.487,0,73.47,56.528,55.554,7.047,17.591,1513
36.317,53.563,73.338,56.243,64.338,11.989,18.657,38.821,0,75.954,57.946,61.897,2.708,19.457,1513
36.724,0,65.378,55.025,55.975,6.15,0,35.689,0,67.136,54.893,0,0,0,1689
34.997,50.32,73.423,55.77,62.465,8.658,19.001,0,0,76.953,59.688,60.399,3.206,0,1513
35.712,0,69.599,0,0,0,0,35.3,0,66.558,0,0,0,0,1689
35.98,52.591,70.103,59.234,57.858,7.312,14.775,0,0,80.249,61.163,58.116,3.19,0,1513
36.173,0,72.226,53.233,49.459,10.03,8.858,34.668,0,73.936,57.077,50.439,9.205,14.978,1689
35.378,55.062,73.409,59.566,61.97,10.914,12.451,47.667,0,76.284,59.386,59.183,5.004,0,1513
38.384,44.254,70.548,59.583,65.131,5.288,23.208,37.83,0,74.594,59.041,64.096,3.654,22.259,1513
35.973,44.262,71.176,59.75,57.031,5.054,16.416,32.508,0,74.033,56.586,59.132,4.613,19.544,1513
18.919,0,33.555,34.487,39.476,4.003,19.72,0,0,30.356,39.029,39.953,4.732,19.978,1178
35.962,37.02,73.938,55.798,52.424,7.623,10.14,34.102,0,74.466,55.028,55.868,7.331,0,1689
37.301,40.643,69.393,56.815,58.407,7.725,0,38.188,0,67.855,54.814,0,0,0,1672
36.811,0,76.927,58.659,72.581,0,0,40.907,44.025,76.62,59,73.548,0,0,1513
18.111,19.934,47.721,0,0,0,0,15.209,7.01,44.427,0,0,0,0,1672
31.876,0,86.905,57.758,86.108,7.399,55.74,40.698,48.717,82.485,57.189,80.847,6.803,59.558,1513
36.091,0,71.691,56.119,60.848,8.924,0,51.226,0,74.267,55.32,60.945,8.194,0,1513
0,0,70.449,57.488,54.503,5.282,18.533,0,0,71.538,0,0,0,0,1513
0,0,69.455,56.444,56.899,8.09,7.056,49.715,0,73.653,56.758,57.724,7.079,15.317,1513
18.272,0,32.817,35.155,29.514,2.927,22.075,18.804,22.896,32.195,34.404,28.592,3.438,22.511,1178
22.702,0,31.756,21.398,0,0,0,0,0,31.788,0,0,0,0,1178
48.086,0,66.875,61.319,55.372,9.472,8.207,0,0,71.617,59.126,54.927,5.837,0,1513
43.879,0,64.415,54.157,62.073,7.816,15.592,0,0,65.46,52.435,63.585,8.051,0,1513
20.926,0,46.532,35.012,56.282,0,0,23.977,33.561,46.497,37.289,52.625,0,0,1178
29.851,0,57.2,39.184,50.725,0,0,0,0,54.271,38.35,49.795,3.824,39.375,1726
23.444,33.727,32.975,0,0,0,0,24.219,0,32.065,0,0,0,0,1178
20.213,21.642,36.386,28.888,32.906,0,0,21.179,21.508,36.549,30.952,0,0,0,1178
25.564,0,50.226,43.687,59.721,0,0,24.535,0,50.66,0,0,0,0,1726
20.092,8.612,34.371,29.248,0,0,0,0,0,32.042,0,0,0,0,1178
29.361,37.312,74.653,0,0,0,0,29.668,0,73.508,0,0,0,0,1726
27.831,41.283,65.492,36.906,65.614,0,0,29.929,0,66.587,37.17,65.089,5.914,43.622,1726
31.852,54.051,81.11,46.441,83.295,0,0,37.619,45.002,76.569,48.877,79.694,6.479,60.662,1726
0,0,65.792,51.09,41.064,7.049,6.29,0,0,69.475,46.405,41.698,10.069,0,1689
32.896,52.266,81.462,0,0,0,0,43.154,0,76.119,0,0,0,0,1726
0,0,70.628,52.137,61.49,8.966,0,0,0,68.716,53.74,65.96,0,0,1513
31.787,0,65.467,59.25,60.299,0,0,0,0,61.66,67.484,62.771,0,0,1726
38.241,0,110.822,46.106,104.927,8.876,56.394,40.906,0,91.88,54.142,88.642,9.09,64.141,1726
30.238,42.546,85.114,46.144,71.09,0,0,36.367,36.662,78.793,48.288,64.684,0,0,1178
41.601,0,68.147,56.706,53.813,8.424,7.996,0,0,70.759,56.456,52.041,5.329,0,1513
40.07,0,112.264,55.528,114.702,0,0,43.734,52.652,96.263,62.005,85.556,8.722,72.244,1726
29.648,46.518,75.753,0,0,0,0,35.985,37.351,71.568,57.492,62.199,0,0,1178
0,0,66.233,53.434,56.516,6.1,0,0,0,67.621,0,0,0,0,1513
39.699,0,76.198,54.979,0,0,0,0,0,70.229,0,0,0,0,1726
0,0,66.486,56.471,48.547,5.238,0,43.042,0,67.077,55.003,56.085,4.193,0,1689
43.557,0,111.176,57.686,161.142,15.596,57.86,50.843,0,85.771,65.086,100.517,8.927,71.649,1726
37.439,51.506,97.369,51.665,120.796,0,0,47.423,45.857,89.779,52.113,104.484,7.567,63.087,1178
51.57,0,65.913,55.901,52.292,8.306,9.45,46.056,0,67.809,59.775,55.007,4.308,0,1689
39.309,73.32,102.075,56.88,99.517,7.578,70.919,43.361,56.213,97.535,56.81,96.543,8.794,70.047,1178
35.631,0,66.292,54.314,54.658,7.933,14.187,31.671,0,67.215,54.384,56.282,8.244,17.713,1689
48.329,0,134.81,65.037,103.47,0,0,0,0,113.091,67.648,121.562,0,0,1726
42.494,60.315,90.359,57.822,87.884,0,0,44.138,52.625,91.423,57.243,83.091,10.011,59.553,1178
29.762,0,48.513,40.932,46.275,4.255,0,27.226,0,49.127,39.451,47.164,5.69,0,1672
0,0,66.797,52.103,60.707,7.996,19.267,0,0,65.289,56.768,58.911,7.945,0,1689
53.872,0,112.295,67.288,101.098,0,0,0,0,91.861,63.869,99.893,0,0,1726
41.226,82.972,94.609,66.713,100.079,0,0,40.297,63.39,93.425,63.416,104.773,8.462,63.099,1178
0,0,68.49,51.553,53.68,7.621,14.18,0,0,66.679,53.076,53.832,0,0,1689
51.517,59.596,98.184,68.882,0,0,0,49.125,78.036,97.669,69.03,0,0,0,1178
55.954,68.829,112.096,85.993,88.267,0,0,51.766,75.973,107.837,77.735,94.855,0,0,1178
0,0,68.367,56.901,51.219,8.857,15.887,0,0,70.314,55.586,52.116,8.466,22.273,1689
62.505,66.276,120.189,83.298,98.537,0,0,53.091,70.998,123.094,73.505,121.946,12.428,52.948,1178
41.738,0,73.343,56.117,52.098,12.172,6.963,0,0,75.33,52.382,53.639,8.236,12.893,1689
66.867,94.142,136.491,98.456,163.496,10.038,107.179,71.232,158.363,139.655,82.684,209.569,18.408,84.317,1178
27.38,30.711,46.524,37.359,42.076,6.274,0,29.158,0,45.424,0,0,0,0,1513
0,0,63.765,55,0,0,0,0,0,64.778,0,0,0,0,1689
75.238,71.761,145.637,110.263,155.915,11.869,87.892,66.545,130.723,136.83,105.549,139.493,14.399,89.376,1178
43.314,0,74.388,59.22,53.535,5.95,5.754,0,0,73.512,53.933,53.194,7.465,0,1689
85.371,94.916,178.1,121.057,0,0,0,0,0,154.075,119.693,0,0,0,1178
99.96,94.828,238.93,0,0,0,0,0,0,162.205,0,0,0,0,1178
45.288,0,70.245,58.029,58.175,8.877,17.157,0,0,69.553,57.429,57.602,8.958,19.621,1689
0,0,68.297,60.141,52.36,10.957,10.414,0,0,70.015,57.564,56.7,6.549,0,1689
37.906,0,69.354,59.958,51.965,10.386,13.877,0,0,68.612,58.377,58.451,6.388,0,1689
0,0,71.706,66.011,60.05,9.804,6.391,49.708,0,69.615,59.924,59.338,5.516,0,1689
28.632,42.912,65.765,59.312,69.928,0,0,34.119,32.055,54.936,55.888,61.117,0,0,1178
37.364,44.612,72.624,51.166,67.358,4.376,53.783,35.207,55.653,76.746,49.039,68.191,6.16,47.66,1726
33.548,0,69.914,58.075,91.373,0,0,33.327,65.252,71.696,58.671,84.249,6.765,63.438,1178
0,0,69.21,56.986,0,0,0,0,0,70.259,0,0,0,0,1689
34.19,50.868,69.657,60.314,78.747,0,0,33.665,56.007,68.977,61.521,82.292,0,0,1726
35.727,44.803,72.276,52.805,55.036,0,0,35.463,41.215,69.289,56.051,49.202,0,0,1178
0,0,65.827,52.594,51.487,6.768,0,0,0,66.992,0,0,0,0,1689
37.229,45.393,71.619,57.735,59.704,0,0,36.191,39.25,68.532,58.005,54.546,0,0,1178
40.73,48.782,78.625,60.375,63.598,0,0,37.739,44.599,77.401,60.261,73.734,0,0,1178
0,0,67.315,55.425,51.88,5.238,14.081,0,0,66.112,55.95,51.882,4.933,0,1689
43.336,47.338,82.21,69.689,82.565,6.019,48.68,40.622,44.844,84.211,64.513,113.498,11.07,35.209,1178
38.656,0,100.021,91.064,60.237,0,0,35.17,61.955,98.539,0,0,0,0,1672
44.821,0,72.819,62.725,50.445,7.964,5.384,0,0,79.925,61.261,53.721,6.635,16.201,1689
45.609,48.094,92.911,78.378,135.421,10.527,50.63,45.385,48.423,91.62,80.001,158.4,15.363,38.091,1178
45.669,0,100.042,91.381,71.638,0,0,43.788,55.178,93.704,68.21,0,0,0,1672
44.66,0,66.374,58.337,53.656,8.872,9.757,52.631,0,69.49,59.552,55.133,7.587,13.793,1689
45.436,55.149,94.225,82.143,117.828,8.647,60.57,47.075,54.606,91.186,86.489,114.864,9.849,55.219,1178
36.595,65.129,103.005,68.745,71.839,6.683,71.396,45.957,60.517,99.328,0,0,0,0,1672
38.469,0,67.549,58.984,57.119,6.34,10.224,47.831,0,70.335,59.76,56.254,4.152,0,1689
48.288,46.127,102.818,83.332,110.777,0,0,52.225,57.076,99.37,78.518,98.853,0,0,1178
43.525,49.341,104.667,70.586,74.248,0,0,52.226,50.921,103.842,0,0,0,0,1672
0,0,66.431,58.944,52.219,8.506,7.172,52.162,0,69.752,59.234,56.052,4.22,0,1689
48.176,55.591,104.057,81.984,136.851,0,0,49.987,68.946,98.925,76.622,98.9,0,0,1726
43.972,57.596,106.945,76.606,78.595,0,0,49.773,55.523,102.17,0,0,0,0,1672
46.771,0,64.828,57.449,53.992,10.58,0,48.89,0,66.959,57.161,54.53,4.237,0,1689
55.287,73.499,108.469,84.037,145.375,0,0,56.524,66.493,99.225,86.991,114.622,0,0,1726
48.349,58.485,116.446,95.801,91.464,0,0,55.768,55.012,106.909,76.69,125.389,0,0,1672
34.492,0,64.631,60.181,63.749,9.717,22.44,0,0,67.704,59.029,69.439,3.977,0,1689
0,0,59.32,0,0,0,0,30.06,43.846,55.423,0,0,0,0,1689
63.91,58.408,126.878,79.787,140.684,0,0,65.794,73.923,120.574,94.054,107.134,0,0,1726
24.73,26.582,47.757,36.819,34.818,5.119,5.233,23.237,0,44.925,36.063,35.425,5.288,6.253,1513
0,0,68.982,58.253,63.048,8.654,24.716,0,0,71.435,54.868,66.035,13.218,31.597,1689
67.723,65.555,134.413,100.239,161.68,0,0,67.462,79.343,125.025,102.253,122.359,0,0,1726
79.147,65.878,160.125,104.818,245.103,0,0,77.46,75.433,152.197,118.11,115.546,14.685,96.981,1178
0,0,34.215,0,0,0,0,19.923,11.12,35.789,0,0,0,0,1513
0,0,68.861,58.016,56.909,9.184,0,47.787,0,69.678,56.286,58.146,5.943,0,1689
80.333,69.342,163.824,121.032,0,0,0,80.145,79.974,146.497,113.542,162.518,0,0,1726
86.739,70.437,166.403,124.261,288.685,0,0,78.259,90.29,155.775,128.505,158.155,11.203,111.573,1178
29.583,18.881,52.105,37.322,35.457,5.091,6.643,24.085,31.809,53.872,32.569,33.974,4.39,8.526,1513
0,0,67.877,55.649,59.291,7.329,31.336,0,0,66.916,55.451,60.532,8.197,35.025,1689
89.996,75.13,177.387,142.707,179.751,0,0,0,0,154.936,120.096,188.043,0,0,1178
40.413,0,68.829,56.908,57.501,6.46,0,35.47,0,67.224,57.932,59.706,5.151,0,1689
0,0,41.159,28.688,33.902,3.775,15.759,22.873,18.25,42.659,28.881,35.177,4.213,17.954,1689
37.849,41.31,86.991,60.794,87.152,7.024,54.16,16.849,0,95.318,60.507,90.386,9.323,39.981,1178
24.649,20.635,53.95,34.584,46.103,4.396,21.586,23.26,20.26,58.442,35.04,48.359,4.237,20.244,1513
44.351,61.609,123.349,67.407,144.515,11.49,63.171,48.71,50.046,129.231,56.914,173.693,16.893,49.787,1178
36.215,0,62.788,54.52,61.346,5.792,0,36.321,0,67.008,54.417,63.796,5.279,0,1810
0,0,68.518,48.563,68.687,4.235,0,0,0,68.366,54.572,65.456,0,0,1810
0,0,65.139,52.861,61.197,0,0,0,0,68.151,0,0,0,0,1810
0,0,62.602,60.471,68.951,9.346,0,40.443,0,67.236,58.471,69.68,7.606,0,1810
0,0,67.046,56.047,58.135,10.746,24.713,0,0,69.954,55.606,59.742,6.578,0,1810
15.163,15.824,23.016,33.205,27.805,3.048,11.79,12.463,18.935,21.928,0,0,0,0,1513
28.994,36.11,32.593,25.127,47.05,3.167,27.78,26.158,53.398,30.159,22.674,43.432,4.182,26.466,1513
33.9,26.625,65.176,57.219,57.031,9.088,16.236,0,0,67.179,56.06,56.984,3.711,0,1810
37.435,36.282,65.411,50.246,52.807,10.319,29.681,36.026,33.962,66.444,51.319,58,7.25,0,1810
35.458,49.493,39.08,0,0,0,0,35.454,51.284,37.781,0,0,0,0,1513
27.155,30.391,35.138,0,0,0,0,27.115,35.887,33.713,0,0,0,0,1513
22.493,0,46.291,32.501,34.952,4.562,6.514,18.988,0,48.324,0,0,5.284,0,1672
19.829,20.994,35.614,31.389,35.524,4.307,0,17.304,19.614,35.472,30.686,34.457,5.217,0,1689
35.205,41.701,39.911,0,0,0,0,39.663,52.366,38.768,0,0,0,0,1513
42.061,62.625,48.809,35.66,86.646,7.109,34.091,40.588,61.69,45.561,32.646,91.034,0,0,1178
41.138,60.153,55.62,37.806,96.939,7.759,39.061,37.715,69.543,47.224,34.343,85.271,7.454,35.31,1178
45.628,60.178,56.006,37.289,80.958,0,0,40.799,65.93,47.868,35.746,67.537,0,0,1178
48.923,61.997,52.704,38.787,80.011,0,0,44.594,74.172,48.505,37.462,69.729,0,0,1178
47.316,0,65.871,56.337,54.575,7.748,0,0,0,69.757,53.295,55.613,9.095,0,1810
44.675,62.177,66.618,35.337,97.877,0,0,52.177,75.804,65.033,37.408,78.58,6.122,47.997,1178
0,0,79.32,0,0,0,0,0,0,74.8,0,0,0,0,1810
46.568,60.959,67.588,37.545,98.525,7.863,44.742,33.015,69.438,55.894,38.662,74.775,5.653,45.275,1178
0,0,70.14,56.566,59.235,9.838,45.001,32.55,0,71.531,57.412,61.222,0,0,1810
39.334,70.524,54.71,43.316,92.541,0,0,45.4,77.782,54.078,43.325,73.915,5.488,48.431,1178
0,0,69.748,51.51,0,0,0,0,0,66.526,0,0,0,0,1810
41.831,62.406,61.641,45.708,94.808,6.672,48.293,59.8,83.224,59.739,43.979,80.964,7.209,51.382,1178
0,0,70.931,57.928,57.907,7.008,0,0,0,68.498,58.34,0,0,0,1810
43.776,72.568,66.928,54.447,92.993,0,0,59.978,93.172,67.269,48.939,83.577,0,0,1178
0,0,72.216,58.824,54.619,6.403,22.539,0,0,70.365,57.402,55.865,5.967,28.007,1810
41.667,57.604,74.728,55.324,93.188,6.367,47.631,56.379,84.403,76.239,47.097,105.972,0,0,1178
59.132,71.451,72.285,57.459,115.825,10.262,50.846,66.233,91.664,72.158,49.998,118.782,10.79,46.257,1178
41.926,0,72.119,61.14,56.849,7.368,8.757,33.183,0,73.503,63.68,57.303,9.065,14.709,1810
66.113,89.257,78.813,55.264,123.327,0,0,77.657,96.134,78.583,55.564,104.889,0,0,1178
47.732,0,71.685,58.693,54.254,11.466,9.417,53.827,0,74.789,62.52,57.253,7.492,11.794,1810
70.689,85.45,87.707,61.21,138.872,11.575,58.944,80.349,106.294,87.391,62.032,123.018,11.144,59.884,1178
0,0,71.041,62.71,62.164,8.53,7.669,0,0,74.321,63.113,64.275,6.484,0,1810
61.673,82.978,85.085,82.649,106.625,0,0,83.018,109.299,86.965,63.291,0,0,0,1178
41.332,0,72.814,61.01,53.997,8.854,7.05,0,0,73.793,61.48,58.416,3.902,14.539,1810
46.516,0,69.731,59.365,60.492,9.821,13.939,37.117,0,70.675,61.495,57.315,14.388,21.427,1810
0,0,75.453,55.98,76.44,7.81,45.735,0,0,71.061,57.893,74.876,7.371,48.163,1810
83.223,0,116.876,91.046,155.587,11.25,92.355,111.192,160.936,118.877,87.514,114.284,6.274,100.741,1178
0,0,75.051,55.165,66.991,7.653,28.754,0,0,75.299,54.391,69.373,12.439,37.15,1810
121.452,116.957,128.346,73.247,193.009,0,0,125.311,135.895,124.64,90.974,111.728,0,0,1178
0,0,76.138,59.502,62.254,5.405,17.043,0,0,75.357,58.238,63.513,4.309,24.21,1810
0,0,76.475,58.792,0,0,0,0,0,78.418,0,0,0,0,1810
0,0,71.983,58.678,0,0,0,0,0,71.103,0,0,0,0,1810
10.985,11.718,20.451,18.686,25.753,2.187,12.799,14.732,18.179,21.028,16.042,22.804,2.087,12.351,1566
39.32,0,74.532,62.886,70.09,6.676,16.561,39.818,0,78.519,63.956,69.344,5.73,26.594,1810
40.785,33.433,74.687,63.622,66.861,11.134,17.602,41.754,0,79.716,64.268,66.793,6.621,0,1810
16.584,0,29.929,41.237,36.505,0,0,18.682,42.546,31.082,0,0,0,0,1788
39.548,0,74.097,60.77,65.53,9.479,18.652,50.914,0,77.13,61.435,64.867,6.558,0,1810
40.274,33.879,74.401,62.367,61.809,9.759,17.528,44.074,0,79.242,61.54,63.37,7.437,23.066,1810
37.682,0,70.288,63.849,61.917,9.153,0,30.412,0,75.155,61.093,59.033,6.598,0,1810
40.576,0,73.741,64.937,67.151,9.133,23.028,32.978,0,78.385,62.128,62.816,13.8,27.866,1810
35.325,63.145,34.348,39.038,46.809,0,0,19.017,26.968,37.239,34.665,43.135,0,0,1788
0,0,77.467,62.251,87.083,14.917,45.141,0,0,80.201,64.75,86.02,8.941,52.242,1810
37.047,36.824,77.98,65.944,63.537,9.407,18.313,35.663,0,78.933,64.544,63.055,5.847,25.797,1689
18.758,35.262,50.041,78.847,0,0,0,18.373,28.808,56.2,0,0,0,0,1788
0,0,78.703,63.026,69.34,9.792,35.825,0,0,80.393,61.518,70.335,8.73,43,1810
0,0,75.449,65.493,58.136,8.203,23.521,0,0,80.056,62.342,55.377,8.435,25.036,1689
23.46,17.249,40.937,34.553,45.771,0,0,34.729,42.891,40.095,30.696,45.003,0,0,1513
28.68,51.744,56.577,37.663,65.26,3.647,40.896,24.584,61.358,51.846,47.354,65.956,4.91,40.385,1513
23.697,32.33,31.942,38.545,44.714,3.979,23.07,20.185,34.085,31.294,41.103,42.363,4.331,24.38,1513
30.254,27.734,54.676,40.49,67.31,0,0,27.367,26.189,59.594,34.56,64.696,0,0,1566
0,0,82.038,66.576,57.571,10.155,25.523,0,0,84.198,66.879,60.438,9.623,28.607,1689
28.489,0,55.72,44.547,68.402,0,0,27.727,29.297,58.09,43.663,60.955,4.932,42.606,1178
27.07,0,53.309,44.119,67.18,0,0,26.865,29.409,54.289,39.56,63.953,0,0,1566
0,0,80.733,65.204,61.172,8.915,15.621,49.13,0,82.974,64.344,62.98,9.173,22.97,1689
51.819,0,77.986,65.927,58.587,9.628,15.3,48.165,0,80.539,65.23,61.146,10.118,20.515,1810
34.213,0,67.568,38.993,75.703,0,0,28.139,0,60.313,37.619,72.128,4.167,49.36,1178
26.196,34.736,68.376,48.217,73.489,0,0,26.034,34.903,69.407,47.762,69.452,0,0,1788
41.509,0,75.328,62.458,62.785,5.236,0,32.963,0,80.091,63.259,62.727,12.321,0,1810
30.627,49.097,67.888,0,0,0,0,0,0,62.27,0,0,0,0,1178
29.287,30.663,61.661,42.66,94.039,0,0,30.173,32.026,61.578,40.757,79.418,0,0,1788
0,0,75.763,64.413,0,0,0,0,0,75,65.819,0,0,0,1810
29.018,29.271,57.126,41.615,83.615,0,0,24.513,49.302,54.673,41.681,67.171,0,0,1788
0,0,72.951,66.554,64.355,9.508,0,0,0,77.672,65.83,69.052,6.737,0,1810
43.553,78.044,76.341,47.049,75.149,4.513,58.547,37.715,47.88,75.013,48.126,77.75,7.608,53.482,1788
35.253,66.441,74.692,50.044,61.972,5.375,57.788,44.526,45.01,70.976,51.375,68.884,7.559,51.132,1788
37.177,64.899,74.972,53.497,55.667,6.727,60.38,47.536,41.972,71.755,55.306,74.249,5.971,48.204,1788
43.329,79.351,82.081,57.095,71.781,6.013,61.355,47.886,45.817,79.027,57.365,85.761,7.174,50.356,1788
0,0,78.719,67.213,61.452,8.492,6.868,0,0,83.52,61.827,60.296,9.102,15.105,1810
0,0,78.179,65.16,60.725,7.122,12.69,0,0,79.779,63.377,58.633,11.506,17.881,1810
0,0,77.529,63.841,59.919,6.585,0,0,0,80.505,65.098,0,0,0,1689
0,0,78.018,67.136,62.372,6.84,16.756,0,0,79.962,61.691,66.18,0,0,1689
40.566,42.207,80.759,72.919,80.368,0,0,42.727,41.772,76.916,63.329,96.137,10.657,44.054,1788
55.22,96.65,103.555,68.658,102.83,8.571,72.067,57.429,60.508,90.023,78.616,96.356,10.735,75.486,1178
41.972,39.015,81.863,69.05,84.701,0,0,46.926,41.423,75.096,70.694,82.262,0,0,1788
61.508,108.476,122.533,72.081,108.724,10.431,72.912,60.617,65.332,105.069,85.814,92.05,9.38,84.759,1178
48.98,38.324,84.229,75.057,85.109,0,0,0,0,85.76,69.25,75.755,0,0,1788
68.138,126.944,133.745,90.663,140.471,11.973,73.71,66.291,68.452,112.19,90.91,89.817,7.455,95.68,1178
0,0,76.718,65.604,59.998,11.655,12.126,0,0,82.442,67.572,64.611,8.06,16.056,1689
51.114,36.16,90.684,70,96.861,0,0,0,0,86.107,67.598,80.013,0,0,1788
0,0,77.428,69.249,53.537,12.667,9.718,0,0,82.004,70.323,60.406,8.364,0,1689
55.515,48.882,125.011,85.031,175.439,0,0,0,0,98.836,73.507,148.047,0,0,1788
0,0,79.432,69.239,56.83,12.773,11.458,0,0,82.625,67.272,64.293,8.878,0,1689
62.715,50.5,132.473,88.576,176.149,0,0,0,0,108.249,77.755,112.601,12.919,51.141,1788
0,0,78.947,64.066,60.561,10.423,9.291,0,0,84.554,66.153,63.98,7.831,15.36,1689
0,0,80.655,0,0,0,0,0,0,89.764,0,0,0,0,1689
0,0,76.465,71.124,64.389,9.565,13.526,0,0,83.053,65.692,63.754,5.357,0,1810
0,0,77.182,65.907,58.807,7.475,0,31.096,0,83.435,64.301,58.497,8.11,14.011,1810
0,0,71.313,62.181,0,0,0,0,0,75.959,61.833,54.216,0,0,1810
0,0,76.603,0,0,0,0,0,0,78.906,0,0,0,0,1810
0,0,76.37,67.326,0,0,0,0,0,80.053,0,0,0,0,1810
0,0,73.96,60.986,61.075,8.059,11.514,0,0,78.788,0,0,0,0,1810
0,0,81.356,61.718,83.815,0,0,0,0,81.399,64.68,80.744,0,0,1810
0,0,83.326,73.466,62.543,13.863,13.825,0,0,86.211,71.474,70.213,6.426,0,1810
0,0,84.29,71.13,59.827,11.883,0,0,0,85.25,71.362,68.63,6.738,0,1810
0,0,87.379,70.41,60.664,15.435,0,0,0,86.847,70.406,66.365,9.325,0,1810
0,0,81.693,67.892,62.42,7.136,0,0,0,87.16,63.987,70.469,4.276,0,1810
0,0,83.674,74.199,60.056,8.84,7.028,0,0,89.203,67.244,62.006,9.903,12.179,1810
0,0,76.989,66.716,64.825,9.305,0,0,0,80.134,68.808,0,0,0,1689
49.826,0,92.417,69.933,71.641,11.547,12.727,0,0,85.774,69.458,68.97,11.13,0,1689
0,0,88.779,72.619,68.971,13.534,19.784,0,0,93.216,76.085,68.815,10.727,0,1689
0,0,90.056,73.604,72.27,6.963,8.092,0,0,94.247,76.952,69.129,4.838,0,1810
0,0,84.862,72.086,63.73,12.01,0,65.594,0,85.43,0,0,0,0,1810
0,0,82.31,65.919,71.66,0,0,0,0,84.161,0,0,0,0,1810
49.264,0,84.178,69.435,71.602,10.205,19.497,0,0,89.283,68.115,77.248,10.588,31.396,1810
0,0,89.406,0,0,0,0,0,0,86.527,0,0,0,0,1810
0,0,86.408,0,0,0,0,0,0,85.8,65.132,72.49,0,0,1810
11.486,16.894,35.918,23.308,38.415,0,0,15.252,0,32.876,20.774,34.322,0,0,1836
0,0,84.404,65.247,0,0,0,0,0,84.399,0,0,0,0,1689
16.432,16.572,29.866,22.337,33.538,0,0,14.117,29.369,30.942,20.918,32.474,3.056,24.393,1836
0,0,89.976,74.511,69.31,13.363,3.146,0,0,91.461,75.53,76.682,8.497,0,1689
0,0,91.759,77.878,74.555,12.343,0,63.904,0,91.073,76.137,77.655,13.28,0,1689
28.761,0,59.376,30.714,46.564,0,0,27.87,27.05,60.522,30.457,47.526,0,0,1850
0,0,88.204,0,0,0,0,0,0,88.179,0,0,0,0,1689
0,0,92.188,0,0,0,0,0,0,100.339,0,0,0,0,1689
26.961,36.529,64.719,32.484,64.932,5.323,35.977,27.549,29.276,63.174,33.415,66.404,5.478,39.196,1850
0,0,87.694,0,0,0,0,0,0,93.493,0,0,0,0,1689
17.363,46.158,48.516,28.71,64.773,4.679,35.816,21.764,42.1,51.014,29.907,57.264,4.394,37.597,1836
27.377,45.162,71.656,34.535,78.378,0,0,29.887,36.663,73.375,33.326,77.883,6.858,46.374,1834
30.198,41.12,77.787,39.107,82.904,6.231,34.014,32.858,31.982,70.495,40.273,75.226,6.086,38.096,1834
19.912,43.985,49.355,30.567,58.69,4.661,33.624,21.028,41.706,48.585,30.99,53.174,4.3,35.112,1836
33.494,32.227,75.868,43.921,72.528,5.854,37.634,29.642,36.043,81.672,43.418,74.484,6.609,38.66,1834
19.692,38.775,48.321,31.563,43.521,4.001,35.399,20.764,37.486,51.976,31.853,41.74,4.759,33.502,1836
37.011,30.193,75.366,45.662,84.703,0,0,32.1,36.864,77.293,44.527,80.495,8.132,38.405,1850
0,0,89.769,78.429,76.591,10.304,23.38,0,0,94.801,81.004,79.807,8.882,31.956,1689
20.967,43.437,51.701,34.411,49.116,5.259,33.242,22.37,36.067,53.225,32.747,46.471,4.464,33.145,1836
37.716,34.192,81.313,45.94,85.705,0,0,33.919,33.822,80.572,44.355,76.974,0,0,1850
48.708,0,88.164,83.082,75.066,13.258,16.342,56.868,0,96.225,77.654,76.156,9.511,27.714,1689
21.237,45.391,52.598,34.925,58.888,4.438,38.577,22.3,33.483,54.191,32.096,56.735,4.33,35.257,1836
44.394,35.504,82.791,75.551,77.484,10.175,19.214,40.523,0,87.397,76.159,77.836,10.954,30.507,1689
45.798,36.297,89.118,45.933,102.73,9.829,38.815,36.462,36.506,85.521,50.631,88.547,8.983,46.623,1850
55.837,0,81.086,81.12,65.251,9.931,14.606,55.64,0,90.081,75.82,67.035,4.012,0,1689
25.356,50.608,53.616,41.098,70.438,5.061,39.793,26.18,50.472,52.161,37.197,68.281,5.689,38.339,1836
46.203,46.981,100.419,52.262,84.046,7.598,42.449,39.975,40.561,94.927,50.896,69.293,0,0,1850
27.17,49.223,62.417,37.23,66.414,4.761,42.391,29.044,48.102,61.887,34.348,60.845,5.61,39.275,1836
49.757,47.173,111.625,60.202,104.455,9.572,0,41.027,45.344,107.887,55.767,93.258,0,0,1850
0,0,89.619,77.025,85.046,8.96,18.461,68.846,0,97.763,73.951,80.49,14.336,25.379,1810
28.698,51.885,59.909,36.724,74.638,4.995,38.49,30.299,48.242,54.08,39.5,55.376,0,0,1836
47.066,0,88.558,77.902,74.715,8.567,0,0,0,96.429,74.861,78.462,5.563,0,1689
49.325,0,91.703,78.518,77.799,7.744,13.241,47.612,0,99.269,72.878,76.342,9.858,25.267,1810
26.653,28.475,56.613,37.741,41.635,0,0,27.832,24.391,55.184,38.359,40.579,5.021,33.262,1836
58.975,44.354,118.004,63.044,95.027,7.805,49.956,54.085,45.157,115.208,61.254,77.845,7.677,63.439,1834
29.638,48.458,59.779,41.896,56.257,0,0,30.136,34,56.946,40.649,54.28,0,0,1836
59.568,64.499,128.885,67.169,101.954,13.193,67.275,55.539,57.724,117.206,76.988,88.017,0,0,1834
60.434,60.883,138.019,73.18,116.69,13.585,76.712,56.189,60.396,126.449,73.977,111.929,9.674,88.548,1834
66.42,51.815,128.886,76.235,98.277,10.435,54.24,61.05,53.095,118.311,76.002,79.373,10.547,66.446,1834
0,0,92.835,78.669,83.82,11.179,12.066,0,0,97.363,80.393,83.327,9.533,23.35,1689
0,0,92.889,81.82,82.557,7.915,17.61,68.401,0,94.988,82.261,81.787,11.258,0,1689
94.956,87.403,290.282,0,0,0,0,0,0,266.722,0,0,0,0,1850
0,0,89.542,80.13,83.982,10.173,17.593,0,0,91.578,82.109,81.788,7.905,30.466,1689
0,0,102.446,76.298,87.671,7.619,44.686,0,0,104.29,77.24,92.089,9.445,49.76,1689
0,0,102.933,86.95,87.818,12.819,10.008,0,0,98.523,85.534,85.829,11.99,0,1689
52.754,0,99.983,87.182,79.368,11.992,8.32,0,0,98.263,80.201,81.845,9.7,17.985,1689
0,0,95.906,92.833,90.145,12.393,0,0,0,101.05,0,0,0,0,1810
58.525,0,100.137,80.055,74.339,13.988,4.816,0,0,103.024,80.374,80.381,9.382,17.829,1810
0,0,98,89.163,75.643,13.937,0,0,0,104.779,89.526,77.964,13.83,0,1810
0,0,104.438,97.704,88.577,14.129,0,0,0,101.975,90.75,96.012,9.67,0,1810
0,0,102.753,95.618,82.045,14.382,9.909,0,0,101.659,86.96,84.865,12.472,0,1810
0,0,98.491,83.792,80.197,12.149,11.755,53.119,0,101.397,80,84.9,0,0,1810
0,0,43.304,0,0,0,0,25.634,21.108,43.489,32.204,0,0,0,1951
0,0,49.968,37.787,49.254,5.497,16.907,28.365,26.154,50.458,37.426,49.299,5.491,0,1951
28.487,30.105,46.251,43.554,0,0,0,0,0,47.588,0,0,0,0,1951
0,0,98.406,95.065,86.813,12.306,16.669,0,0,106.082,86.235,91.776,11.227,23.005,1810
0,0,115.462,96.661,90.537,14.089,18.936,0,0,113.363,89.023,86.427,12.691,0,1810
60.666,0,102.521,87.282,85.09,14.005,21.403,77.312,0,105.464,81.176,86.416,10.302,0,1810
0,0,104.54,0,0,0,0,0,0,106.036,0,0,0,0,1810
0,0,115.617,0,0,0,0,0,0,110.919,0,0,0,0,1810
0,0,94.736,0,0,0,0,0,0,96.614,0,0,0,0,1689
0,0,104.967,0,0,0,0,0,0,103.387,0,0,0,0,1810
31.906,0,66.898,55.379,55.989,5.594,0,37.775,0,64.445,0,0,0,0,1951
58.691,0,105.131,83.547,95.336,12.773,25.036,0,0,107.133,0,0,0,0,1689
12.379,11.85,20.914,10.186,19.917,2.399,0,12.762,0,21.114,16.941,18.622,0,0,1907
31.122,38.206,53.578,41.247,46.998,6.148,12.027,29.906,32.275,53.495,46.286,46.277,6.523,0,1951
58.551,0,107.962,83.708,81.449,15.896,30.865,0,0,107.629,88.791,84.448,10.471,0,1689
32.004,30.734,57.232,45.209,40.502,6.032,10.493,30.608,0,54.606,48.885,42.565,4.062,12.226,1951
58.314,0,99.46,80.764,76.18,13.416,16.073,80.811,0,104.856,81.112,84.608,9.98,0,1689
14.19,32.362,37.014,29.169,0,0,0,15.937,0,37.169,26.69,0,0,0,1907
53.813,0,102.984,81.018,84.861,13.872,0,0,0,107.75,81.063,83.477,11.336,0,1689
54.394,0,98.895,78.879,87.36,14.059,21.383,0,0,98.662,78.188,78.755,0,0,1689
16.254,18.139,33.134,0,0,0,0,0,0,30.899,0,0,0,0,1907
62.886,0,100.962,82.542,91.632,10.811,19.709,0,0,111.502,82.612,82.371,14.272,14.996,1689
30.484,32.035,55.765,44.992,46.567,5.352,12.203,30.729,0,54.82,47.64,44.497,7.76,13.059,1951
0,0,101.578,84.511,79.319,14.065,17.609,0,0,107.969,0,0,0,0,1689
18.558,24.156,46.286,0,0,0,0,17.867,21.657,47.587,0,0,0,0,1907
30.971,34.647,59.963,50.262,51.662,6.71,16.523,31.555,38.108,57.656,49.321,47.662,8.089,15.911,1951
72.656,0,109.624,91.561,80.16,15.174,0,0,0,114.047,0,0,0,0,1689
17.609,28.642,48.157,0,0,0,0,21.008,20.712,51.624,0,0,0,0,1907
30.383,39.688,56.982,49.616,52.227,3.793,12.622,31.638,37.027,56.433,49.562,51.712,7.04,15.119,1951
0,0,111.834,101.501,84.673,13.28,6.894,0,0,117.009,85.531,89.99,13.855,0,1689
17.896,27.765,40.982,34.032,0,0,0,18.844,31.597,41.747,25.933,0,0,0,1907
32.701,33.333,61.393,47.941,50.648,7.375,13.8,32.835,0,58.654,53.207,48.49,6.949,12.792,1951
0,0,110.656,91.312,84.154,14.556,0,0,0,112.248,0,0,0,0,1689
21.131,0,38.015,30.599,0,0,0,19.638,25.143,37.202,0,0,0,0,1907
30.907,28.842,58.826,44.627,47.078,6.407,19.288,30.852,27.755,56.706,47.396,45.627,7.861,18.224,1951
59.336,0,105.011,86.798,85.268,15.779,28.676,0,0,109.26,78.726,0,0,0,1689
20.959,22.593,40.321,32.289,32.946,0,0,20.305,29.558,39.982,29.615,31.988,0,0,1907
30.425,34.293,55.965,49.807,59.694,7.056,0,30.353,30.394,55.748,53.105,56.004,8.022,0,1951
58.058,0,103.889,89.658,90.671,19.207,30.339,0,0,107.55,0,0,0,0,1689
23.74,0,45.352,0,0,0,0,38.625,0,43.925,0,0,0,0,1907
34.324,0,56.628,51.355,52.752,6.969,12.524,30.606,31.665,59.506,53.118,52.348,6.396,11.357,1951
55.76,0,106.3,90.273,82.284,11.781,14.064,0,0,106.837,0,0,0,0,1689
26.824,26.744,53.467,39.319,59.077,0,0,21.881,33.333,52.671,33.243,72.593,0,0,1907
33.573,37.735,58.377,48.881,55.297,7.133,16.207,30.019,34.458,62.343,49.837,53.007,5.799,14.362,1951
23.718,0,47.141,59.482,48.567,0,0,26.705,50.641,46.276,33.74,0,0,0,1907
30.834,40.767,57.586,47.376,51.575,7.233,15.327,29.175,32.547,58.161,48.504,51.612,7.527,15.764,1951
59.282,0,108.729,87.704,85.471,14.264,26.96,0,0,112.915,86.538,86.279,11.43,0,1689
28.577,24.928,59.568,41.983,47.966,0,0,24.527,28.425,58.092,39.171,44.658,4.205,31.291,1907
29.356,34.366,58.619,43.906,55.299,5.604,16.242,29.814,33.321,62.312,49.452,54.365,7.395,18.393,1951
56.507,0,97.673,79.66,78.813,10.5,0,0,0,104.424,79.002,85.555,12.895,0,1689
28.926,27.059,53.901,42.093,55.569,0,0,27.282,36.829,57.253,40.783,50.579,0,0,1907
30.783,33.966,56.551,46.044,40.23,6.267,19.207,29.671,30.861,57.759,48.539,41.747,6.766,17.248,1951
0,0,100.62,78.81,75.188,15.41,0,0,0,104.784,84.976,79.118,19.693,0,1689
32.5,31.492,69.479,41.2,57.969,0,0,28.645,41.441,69.095,42.197,53.706,5.24,43.345,1907
30.848,34.028,59.965,50.148,45.755,7.403,9.093,28.943,32.417,59.764,52.563,45.449,5.813,14.628,1951
54.575,0,103.305,81.798,86.351,14.486,14.506,0,0,101.71,83.877,80.639,12.668,0,1689
34.159,28.601,64.915,43.438,61.175,0,0,31.23,26.014,64.203,44.868,53.055,0,0,1907
73.424,0,99.153,87.99,77.163,14.111,26.264,78.32,0,104.068,81.64,81.969,14.498,0,1689
36.951,30.015,62.633,62.11,70.633,4.731,37.217,31.743,31.22,63.29,52.743,53.29,5.46,41.973,1907
57.513,0,97.816,85.099,86.915,18.059,29.903,0,0,102.316,82.065,89.152,13.403,30.301,1689
39.745,34.562,74.13,49.773,78.788,0,0,33.451,31.082,75.384,51.957,55.965,6.502,44.287,1907
57.953,0,100.374,86.162,90.935,7.903,26.667,71.089,0,104.443,81.874,88.249,13.932,26.288,1689
38.32,39.365,67.301,99.172,63.299,0,0,33.739,33.3,75.16,54.592,63.158,8.091,49.72,1907
32.954,0,56.726,45.268,49.561,5.984,13.14,31.479,0,57.263,48.195,48.701,7.637,16.045,1951
0,0,110.514,0,0,0,0,0,0,108.687,0,0,0,0,1689
44.021,41.675,93.213,59.615,64.788,0,0,37.016,50.183,101.222,58.849,63.563,0,0,1907
31.709,36.197,58.495,48.072,48.572,7.582,11.99,32.028,41.564,58.803,49.168,46.887,7.621,0,1951
44.557,39.33,78.486,59.933,64.334,0,0,39.118,42.63,86.052,0,0,0,0,1907
33.606,39.412,62.858,49.305,55.186,4.395,12.02,33.817,40.371,61.498,52.817,51.105,7.898,15.007,1951
0,0,96.757,82.243,74.253,10.216,0,0,0,102.399,0,0,0,0,1689
0,0,101.253,83.553,77.01,14.798,26.226,0,0,104.735,0,0,0,0,1689
32.238,27.912,60.86,48.458,56.874,6.057,0,30.987,30.453,60.216,49.204,57.546,6.323,0,1951
32.286,35.29,66.992,56.516,61.391,11.565,10.08,34.846,42.267,63.893,62.17,61.14,9.27,12.236,1951
68.659,85.08,203.504,115.91,178.902,0,0,68.412,0,182.932,122.939,147.731,0,0,1907
0,0,110.157,98.396,89.21,14.356,0,0,0,110.68,91.336,94.797,12.292,0,1689
32.498,33.539,68.275,53.159,54.213,6.404,12.937,32.077,30.104,67.898,52.449,53.592,7.798,16.259,1951
53.637,0,102.153,87.046,89.419,11.078,26.034,59.463,0,107.504,82.508,94.846,13.946,0,1689
32.088,33.856,67.438,51.336,53.05,9.997,9.676,32.6,34.723,64.755,51.925,48.593,7.097,16.654,1951
54.83,0,96.081,83.985,85.614,9.132,27.284,53.446,0,104.945,85.359,79.966,14.039,0,1689
0,0,86.058,0,0,0,0,0,0,95.586,0,0,0,0,1689
33.025,32.282,56.007,43.892,0,0,0,33.313,26.03,57.81,0,0,0,0,1951
37.966,0,59.119,47.119,45.437,2.943,0,33.167,0,57.601,45.982,46.964,0,0,1951
63.056,0,110.823,94.556,80.859,13.282,0,0,0,112.016,0,0,0,0,1689
33.223,40.798,59.777,51.704,60.218,4.841,10.563,35.849,0,60.294,52.753,59.15,8.312,0,1951
0,0,110.027,78.21,85.642,9.519,31.114,0,0,112.095,83.211,89.444,13.118,37.285,1689
33.828,0,54.62,46.513,0,0,0,0,0,54.81,0,0,0,0,1951
0,0,112.739,82.075,84.914,14.686,32.76,0,0,108.371,79.902,84.866,14.686,35.462,1689
79.016,0,103.125,87.022,83.685,12.837,23.755,0,0,108.732,83.393,84.84,15.097,0,1689
87.004,0,110.157,90.204,89.63,9.118,31.003,0,0,117.5,90.522,88.642,15.468,0,1689
0,0,109.784,83.483,90.184,12.622,33.978,0,0,112.182,0,0,0,0,1689
70.014,0,107.927,93.263,93.657,15.386,0,0,0,98.907,0,0,0,0,1689
75.311,0,111.376,92.523,74.132,12.331,30.545,0,0,107.056,0,0,0,0,1689
37.636,37.024,66.89,58.045,53.843,9.31,9.269,0,0,66.098,53.972,53.31,6.93,0,1951
34.748,31.757,61.355,51.343,55.073,8.296,0,19.682,0,62.606,52.175,51.202,3.471,0,1951
35.516,32.748,55.482,30.194,0,0,0,0,0,46.046,0,0,0,0,1907
16.407,0,37.524,24.799,30.116,3.483,6.896,0,0,35.244,15.781,25.528,3.716,9.48,2023
21.352,0,36.647,50.042,38.233,4.579,22.066,0,0,40.073,39.287,30.447,4.079,21.931,2023
28.62,27.587,45.462,41.705,37.845,4.259,25.089,0,0,50.943,31.258,32.099,3.564,21.867,2023
36.624,55.377,53.628,41.661,75.947,0,0,38.355,78.786,50.243,38.608,83.772,0,0,2023
0,0,111.544,0,0,0,0,0,0,108.253,0,0,0,0,1689
28.513,0,70.395,0,0,0,0,31.171,53.345,75.425,0,0,0,0,2023
30.659,0,69.547,45.661,69.226,0,0,30.983,44.142,65.93,42.255,69.4,0,0,2023
60.266,0,106.568,89.073,82.719,9.768,0,0,0,100.866,0,0,0,0,1689
43.81,70.513,82.531,45.009,0,0,0,35.613,44.567,79.783,46.807,78.192,0,0,2023
25.932,35.515,37.374,61.123,49.021,5.291,30.719,0,0,40.889,60.585,48.807,5.255,0,1982
63.639,48.679,116.73,85.432,97.319,11.996,23.498,0,0,113.197,95.874,92.168,11.209,35.043,1689
64.707,72.526,114.335,92.106,99.279,14.522,28.484,0,0,115.386,93.254,93.81,16.255,0,1689
0,0,112.171,92.004,80.907,16.604,0,0,0,112.218,89.969,87.254,14.444,0,1689
36.47,37.105,56.876,107.099,84.802,8.446,28.755,31.911,40.363,54.486,66.904,67.351,7.163,36.761,1982
73.801,0,115.195,89.686,87.191,13.759,0,0,0,119.187,91.644,90.64,15.481,0,1689
36.618,0,59.186,121.083,72.894,5.389,34.48,0,0,62.971,44.829,56.309,6.812,38.969,1982
60.824,0,104.434,95.164,90.157,13.005,0,0,0,105.83,88.187,86.931,14.063,0,1689
85.24,0,106.493,96.465,88.557,13.204,0,0,0,106.668,100.354,0,0,0,1689
85.326,0,115.566,96.497,90.715,14.994,0,0,0,120.473,94.489,83.432,20.766,0,1689
0,0,116.781,0,0,0,0,0,0,110.083,0,0,0,0,1689
29.248,0,57.522,38.339,0,0,0,27.983,0,58.725,34.607,0,0,0,1907
50.764,0,69.833,59.64,59.654,9.934,11.54,47.996,0,70.03,71.584,62.118,10.137,10.67,1951
56.22,0,75.672,49.877,50.595,9.569,4.424,0,0,72.883,64.88,57.256,9.969,10.996,1951
39.168,0,76.181,60.199,61.578,11.087,10.916,41.79,0,79.505,72.462,64.158,11.128,14.631,1951
42.039,0,80.946,64.83,69.867,13.006,7.187,0,0,76.433,61.822,65.254,10.073,13.906,1951
39.829,34.671,95.253,51.207,65.673,0,0,0,0,86.383,0,0,0,0,2033
91.625,0,117.355,96.771,93.381,19.935,33.342,108.406,0,125.565,98.645,100.427,12.18,0,1689
42.357,38.012,95.026,60.664,73.749,0,0,0,0,85.068,53.476,72.33,0,0,2033
0,0,116.085,96.776,84.624,16.431,0,0,0,126.157,100.437,95.117,7.35,0,1689
43.087,38.077,93.945,66.443,67.621,0,0,0,0,81.321,60.174,70.094,7.727,46.738,2033
87.953,0,114.444,98.065,78.039,22.519,0,96.393,0,117.115,96.869,92.081,15.784,0,1689
46.669,40.233,108.76,65.057,88.282,8.598,62.074,0,0,90.446,60.835,90.122,10.218,50.682,2033
86.232,0,110.617,99.47,83.724,16.618,22.609,95.4,0,113.971,92.46,97.566,8.69,23.821,1689
46.894,45.912,98.175,74.285,0,0,0,56.608,0,88.89,71.807,87.585,0,0,2033
51.609,49.477,111.712,0,0,0,0,0,0,92.38,0,0,0,0,2033
0,0,124.157,99.501,80.436,13.698,17.318,0,0,124.16,0,0,0,0,1689
0,0,123.268,101.52,84.921,15.2,5.356,0,0,121.607,94.716,90.828,12.9,0,1689
0,0,119.261,90.006,94.721,13.066,10.86,0,0,117.697,0,0,0,0,2023
0,0,120.088,90.6,90.853,11.234,30.437,0,0,121.364,89.762,87.389,13.189,28.725,2023
70.909,0,119.005,93.019,91.745,12.029,16.337,91.419,0,119.688,98.826,91.139,12.147,21.433,2023
69.625,0,115.493,94.648,95.089,12.818,23.628,93.056,0,120.625,94.11,90.989,17.978,0,2023
67.072,0,112.677,99.212,91.037,18.352,0,82.109,0,114.957,99.158,93.698,16.422,0,2023
0,0,113.289,102.286,86.632,12.429,0,73.553,0,116.071,99.759,94.158,11.107,0,2023
68.462,0,108.986,97.108,84.808,18.696,27.713,77.88,0,112.746,92.929,94.059,9.997,0,2023
62.084,0,110.889,101.148,87.451,18.959,26.347,82.053,0,117.287,91.928,93.461,15.576,0,2023
18.016,30.741,23.527,24.84,39.147,0,0,19.968,39.583,24.473,17.545,41.22,3.843,21.624,2087
0,0,116.859,101.944,90.264,14.222,0,0,0,115.868,0,0,0,0,2023
0,0,120.054,92.35,0,0,0,0,0,118.507,0,0,0,0,2023
0,0,89.532,0,0,0,0,59.283,44.674,86.573,60.149,71.973,10.173,40.566,2109
0,0,114.701,99.578,92.265,19.533,0,0,0,118.315,97.937,99.979,10.994,0,2023
0,0,114.23,98.524,85.181,16.435,0,99.497,0,117.017,96.874,92.041,12.485,0,2023
0,0,64.174,0,0,0,0,0,0,69.173,0,0,0,20.646,2109
0,0,114.667,97.133,86.118,19.23,0,0,0,117.136,92.533,93.63,13.575,0,2023
0,0,83.532,0,0,0,0,51.339,41.161,88.18,0,0,0,0,2109
82.748,0,110.617,104.079,87.932,17.913,0,91.961,0,115.923,96.779,89.704,11.014,0,2023
77.855,0,114.902,106.706,97.999,18.307,24.433,101.471,0,121.542,97.079,94.21,20.102,22.882,2023
73.587,0,113.644,97.888,94.716,17.298,20.978,90.842,0,119.167,91.213,93.717,20.064,26.891,2023
19.584,0,36.32,25.164,36.348,0,0,19.77,18.186,38.478,25.803,33.2,0,0,2087
65.026,0,117.657,84.425,104.121,17.448,0,0,0,120.912,0,0,0,0,1689
0,0,117.048,86.565,104.924,18.869,0,0,0,119.967,0,0,0,0,2023
21.662,32.404,44.613,34.242,62.685,0,0,33.215,58.474,45.52,33.28,58.256,0,0,2087
89.717,0,121.911,89.726,88.34,15.156,0,0,0,123.317,0,0,0,0,1689
78.229,0,118.422,101.728,86.712,13.613,9.757,0,0,120.452,91.619,0,0,0,1689
0,0,119.399,94.544,76.968,24.963,9.539,84.876,0,118.82,95.195,97.516,0,0,1689
47.3,38.058,91.058,0,0,0,0,59.354,63.703,118.451,79.434,0,0,0,2109
89.051,0,118.175,87.665,95.955,16.983,27.781,90.586,0,114.981,91.759,105.462,12.577,12.785,1689
26.038,21.362,57.288,45.597,58.686,4.842,38.422,53.072,63.284,54.747,41.936,56.962,6.252,36.076,2087
31.403,31.911,72.093,42.924,68.64,4.975,42.294,33.585,36.421,64.207,48.831,65.508,7.185,41.894,2101
28.562,25.434,57.615,57.654,72.358,0,0,52.463,60.781,55.08,45.159,61.592,6.379,34.228,2087
32.36,30.96,72.646,45.673,57.874,0,0,34.136,33.515,63.116,46.739,54.199,8.096,43.821,2101
33.771,42.682,87.826,45.091,105.096,7.456,54.149,36.779,42.489,74.52,48.335,84.472,6.917,55.475,2101
41.432,31.284,90.153,47.904,111.824,0,0,42.56,35.724,79.719,53.992,76.979,8.336,49.102,2101
39.523,41.843,89.08,50.34,106.567,8.554,48.784,47.337,37.81,77.558,54.872,84.433,7.881,55.407,2101
36.445,37.795,73.566,57.351,68.945,7.639,58.268,61.936,107.953,73.57,54.347,64.71,9.345,53.526,2087
37.826,41.344,77.058,57.872,58.874,8.402,46.738,41.336,39.349,72.6,59.262,57.008,8.04,42.945,2101
38.227,43.028,73.611,66.801,71.303,10.126,62.841,62.319,113.507,76.569,57.146,77.444,11.012,56.413,2087
38.917,46.196,81.801,62.058,60.063,0,0,39.332,40.546,73.632,61.785,53.943,0,0,2101
55.84,0,101.449,0,0,0,0,0,0,113.205,0,0,0,0,1689
42.353,52.693,78.85,69.05,79.291,6.311,61.309,69.314,130.294,80.38,59.716,81.372,15.907,55.375,2087
44.007,40.273,100.082,67.64,64.594,9.64,57.492,42.86,47.496,86.254,60.262,65.872,10.788,43.661,2101
67.513,0,108.933,88.478,87.109,6.815,0,76.612,0,110.356,0,0,0,0,2023
43.891,64.138,113.474,65.85,87.189,9.346,82.997,43.54,0,119.143,78.27,127.721,15.768,57.781,2087
64.032,0,108.31,91.028,79.373,14.695,16.721,78,0,110.634,0,0,0,0,2023
49.739,53.151,119.648,122.039,95.762,8.179,75.313,49.755,85.315,109.658,75.321,151.271,15.488,50.572,2101
76.278,0,108.032,85.102,78.391,15.695,18.25,78.468,0,110.88,0,0,0,0,2023
22.023,26.486,48.67,34.507,40.077,0,0,0,0,40.093,0,0,0,0,2046
55.127,61.77,128.889,105.541,133.91,11.789,83.453,51.603,83.109,115.793,80.939,194.351,19.434,50.38,2101
68.957,0,105.549,76.496,90.347,21.905,33.894,0,0,108.314,0,0,0,0,2023
29.272,24.664,51.449,34.899,43.932,6.145,34.159,0,0,46.304,35.51,42.368,5.246,29.901,2046
65.78,62.441,152.191,118.729,226.46,19.395,77.831,62.906,0,129.674,108.713,234.116,22.86,68.561,2101
29.707,30.481,48.775,38.303,40.06,5.024,33.177,0,0,44.451,0,0,6.319,30.307,2046
74.701,76.508,173.501,108.93,250.154,19.309,110.881,61.294,0,140.262,128.854,201.863,19.39,109.84,2101
68.962,0,101.122,80.214,86.054,11.971,24.064,87.47,0,104.56,80.648,80.543,10.268,0,2023
0,0,42.439,10.335,0,0,0,15.579,0,50.328,30.613,21.258,2.141,12.88,2046
0,0,95.05,78.765,69.575,16.656,0,85.968,0,104.59,82.303,82.321,7.909,0,2023
26.254,22.796,52.43,44.733,38.495,6.215,27.406,0,0,46.304,0,0,0,0,2046
0,0,95.529,82.011,66.846,15.727,0,0,0,102.544,81.544,79.431,12.172,0,2023
54.985,0,94.905,87.237,71.732,14.002,0,0,0,98.986,75.88,81.001,9.045,0,2023
27.378,23.68,57.867,40.766,42.034,7.52,35.361,0,0,54.027,43.704,44.001,6.797,32.315,2046
60.301,0,94.687,78.664,69.846,15.253,28.156,53.824,0,100.197,79.153,78.934,13.433,24.3,2023
29.03,21.606,63.602,42.967,39.015,6.855,34.778,0,0,55.965,45.765,44.965,3.76,32.726,2046
52.653,0,94.655,80.691,77.325,13.2,19.358,64.777,0,99.948,75.231,77.275,15.982,0,2023
51.593,0,95.938,75.822,77.26,12.158,23.826,63.286,0,96.369,70.107,72.136,13.317,0,2023
41.636,35.675,62.245,47.63,52.348,7.822,24.247,0,0,53.877,0,0,0,0,2046
51.486,0,90.705,74.419,79.329,7.573,20.585,0,0,96.168,0,0,0,0,2023
33.12,22.834,67.629,0,0,0,29.059,0,0,53.569,0,0,0,0,2046
45.46,59.494,77.589,0,0,19.47,49.697,49.349,45.228,86.391,89.477,79.833,11.828,61.101,2140
52.088,0,95.812,72.88,68.206,11.43,9.593,62.019,0,96.719,68.896,65.318,8.971,0,2023
36.029,40.706,82.827,0,0,16.03,46.298,50.516,44.012,94.334,84.97,71.395,10.807,61.906,2140
49.933,0,100.825,72.989,76.842,13.497,29.379,0,0,98.195,0,0,0,0,1689
53.008,0,93.472,71.438,71.986,14.362,29.765,0,0,93.728,0,0,0,0,2023
0,0,84.673,65.547,73.575,15.998,50.87,55.446,45.642,99.958,81.677,73.58,10.761,68.472,2140
51.377,0,97.265,75.466,63.518,11.385,26.707,0,0,97.749,0,0,13.788,22.956,1689
47.745,36.59,79.246,46.826,49.712,10.443,33.869,0,0,70.565,0,0,8.114,27.271,2046
56.715,0,94.213,73.297,65.133,8.192,19.19,0,0,94.371,72.236,62.29,9.614,19.969,1689
59.626,0,91.948,70.677,76.301,13.59,26.903,0,0,97.878,74.759,71.239,11.651,0,1689
59.646,70.295,101.651,75.753,95.602,16.906,67.892,69.276,56.527,123.383,77.238,101.579,11.44,76.855,2140
0,0,105.376,87.693,100.602,16.498,69.896,68.893,56.643,129.069,85.99,98.088,16.635,77.282,2140
37.229,39.809,101.357,0,0,0,0,0,0,76.501,0,0,0,0,2046
0,0,107.896,91.327,107.181,16.67,67.64,70.728,59.447,134.631,90.274,83.171,14.97,88.78,2140
0,0,120.741,95.576,137.095,12.91,69.876,87.82,69.606,131.481,96.673,131.092,0,0,2140
41.325,35.679,81.418,69.555,72.832,14.49,21.205,39.386,0,80.382,69.638,78.924,11.096,0,1689
43.726,0,77.831,63.858,73.248,11.5,17.902,43.225,0,77.026,64.183,73.475,7.012,0,1689
0,0,95.568,66.925,66.468,10.831,0,58.365,0,87.196,0,0,0,0,1689
0,0,84.379,66.705,69.862,8.217,0,50.126,0,84.551,0,0,0,0,1689
66.259,0,87.77,70.31,71.501,9.006,0,49.636,0,91.481,0,0,0,0,1689
67.974,0,80.753,66.258,64.471,5.84,19.876,49.473,0,84.613,65.663,62.601,6.595,20.505,1689
62.027,0,83.147,65.011,56.169,6.297,18.699,58.617,0,84.329,64.759,55.967,5.047,19.496,1689
11.293,16.088,29.115,18.509,31.874,0,0,11.276,20.294,30.512,16.758,32.448,3.388,14.795,2219
12.789,19.286,27.73,22.043,0,0,0,14.565,13.092,27.689,18.366,22.87,0,0,2219
11.084,16.839,32.566,17.915,26.474,0,0,14.187,13.814,34.373,17.359,24.872,0,0,2219
12.996,19.082,36.812,44.786,0,0,0,13.729,14.271,35.263,41.646,0,0,0,2219
16.444,24.331,39.398,59.457,43.695,4.458,0,16.388,22.228,37.147,60.137,0,0,0,2219
44.872,0,81.445,73.172,66.336,9.66,14.006,52.561,0,79.109,71.52,69.499,8.446,17.322,1689
42.531,0,82.564,67.745,65.916,5.111,17.083,0,0,80.933,64.536,69.721,4.848,0,1689
54.216,0,82.223,66.758,65.934,7.418,0,61.431,0,78.041,0,0,0,0,1689
40.097,0,82.443,61.382,60.096,7.282,14.968,58.923,0,81.062,64.696,58.906,7.89,23.04,1689
0,0,76.361,64.563,0,0,0,0,0,75.047,0,0,0,0,1689
60.202,0,78.9,64.681,61.429,15.047,18.946,67.912,0,82.512,71.45,66.426,6.537,0,1689
34.769,33.053,69.909,37.463,45.609,6.623,38.87,0,0,57.902,38.771,40.186,9.683,32.394,2195
49.88,0,75.121,69.995,61.804,15.226,0,0,0,78.466,68.833,68.394,7.958,0,1689
34.763,36.856,73.775,42.979,47.73,7.185,33.086,0,0,58.363,41.304,43.456,6.951,26.151,2195
43.682,0,79.192,78.122,66.777,12.658,0,0,0,79.262,64.515,68.792,7.017,0,1689
35.278,38.841,76.902,45.986,49.715,6.678,31.867,0,0,61.252,45.369,44.59,5.822,0,2195
38.887,0,78.737,65.081,63.239,10.448,17.527,41.58,0,81.077,65.626,61.101,14.753,23.937,1689
36.588,35.907,85.905,42.315,52.052,6.831,49.145,0,0,61.717,50.479,45.801,8.701,39.568,2195
47.679,0,78.208,66.426,65.694,9.89,16.455,41.775,0,80.078,66.613,65.381,11.18,17.698,1689
46.049,0,80.152,62.96,68.548,8.56,17.819,48.63,0,81.349,63.208,66.898,10.496,19.28,1689
40.921,40.318,87.742,47.255,64.979,10.699,39.279,0,0,69.468,48.908,53.86,10.75,35.492,2195
0,0,82.901,59.783,69.488,8.673,0,55.145,0,82.913,0,0,0,0,1689
45.058,42.576,86.941,50.054,65.745,10.065,40.104,0,0,75.943,48.689,58.408,14.433,40.628,2195
52.023,0,87.571,59.452,64.663,9.656,24.777,59.915,0,87.324,57.402,77.889,9.9,0,1689
45.489,43.229,107.72,60.264,71.94,11.155,54.97,0,0,78.018,0,0,0,0,2195
0,0,94.255,66.387,65.036,11.995,21.248,0,0,91.239,0,0,0,0,1689
50.73,43.284,107.41,59.525,60.631,9.198,56.443,0,0,82.428,61.883,67.871,12.065,40.877,2195
68.548,0,89.111,59.398,62.39,12.744,25.039,0,0,89.69,59.77,65.817,0,0,1689
48.073,44.654,103.883,66.086,66.569,8.582,54.585,0,0,82.383,69.317,76.472,14.703,45.897,2195
61.263,0,89.168,59.489,58.786,14.827,20.523,59.563,0,93.258,60.364,54.663,9.123,14.957,1689
59.643,42.177,120.453,72.41,76.964,28.505,58.017,0,0,92.45,74.965,89.391,12.554,41.743,2195
60.721,0,88.153,61.789,60.748,8.267,11.971,60.666,0,89.051,60.247,55.235,7.985,14.759,1689
58.726,51.164,129.954,77.865,87.448,13.407,60.475,0,0,94.303,0,0,9.35,37.999,2195
64.066,0,81.588,64.943,60.598,13.036,18.509,0,0,85.081,69.297,64.225,7.569,0,1689
51.885,0,85.439,60.265,60.85,14.995,24.943,47.757,0,90.161,66.227,65.059,4.729,25.234,1689
62.796,60.067,126.319,76.15,87.287,13.926,49.121,0,0,100.646,0,0,0,46.268,2269
61.739,0,80.736,59.654,55.079,11.655,18.008,0,0,89.069,65.662,67.32,6.649,25.906,1689
65.446,78.912,168.037,83.55,128.106,17.497,80.3,0,0,122.739,89.913,136.526,17.505,60.596,2269
83.656,75.367,165.579,89.899,143.518,25.557,88.487,0,0,127.645,84.052,135.231,19.227,62.978,2269
55.312,0,83.241,66.033,64.676,9.45,0,49.888,0,86.357,63.401,62.863,11.686,0,1689
61.275,0,79.869,65.291,57.287,8.731,0,51.301,0,82.731,61.367,0,0,0,1689
65.373,0,81.625,62.103,60.009,13.097,15.51,56.83,0,85.403,0,0,0,0,1689
59.489,0,87.393,62.887,55.229,10.222,15.966,56.159,0,88.378,58.615,54.559,5.212,13.793,1689
63.629,0,89.833,70.573,59.762,9.602,6.265,64.211,0,87.976,67.887,56.336,10.356,12.573,1689
58.551,0,74.094,64.425,55.573,10.099,0,70.903,0,77.734,65.945,61.343,8.547,0,1689
0,0,74.117,66.55,54.277,11.641,10.029,64.722,0,76.891,65.802,60.542,8.037,13.424,1689
52.49,0,74.46,72.959,59.224,11.148,13.596,66.936,0,76.513,64.798,64.099,7.055,17.267,1689
47.112,0,70.83,66.902,52.198,9.373,8.981,60.177,0,73.977,63.331,58.092,9.074,15.68,1689
42.123,0,69.957,67.879,60.742,10.053,12.217,46.958,0,72.803,62.878,63.722,9.269,17.532,1689
0,0,88.942,57.067,84.851,7.35,55.266,0,0,84.922,56.248,83.917,8.298,55.558,1689
0,0,76.562,56.347,84.411,7.92,39.455,0,0,79.958,56.253,87.547,7.887,44.624,1689
0,0,70.321,54.217,62.395,8.515,0,42.846,0,71.661,0,0,2.466,0,1689
42.026,0,65.548,54.703,0,0,0,35.232,0,69.378,0,0,0,0,1689
0,0,68.07,0,0,0,0,0,0,72.114,0,0,0,0,1689
0,0,65.238,0,0,0,0,0,0,67.881,0,0,0,0,1689
48.153,0,65.761,52.415,49.217,4.295,15.227,45.942,0,67.538,0,0,0,0,1689
39.345,0,66.174,54.05,56.245,4.866,8.21,33.283,0,68.933,56.157,52.631,6.809,16.234,1689
20.958,29.799,42.407,30,44.371,3.175,31.849,20.884,28.68,39.956,33.256,42.229,0,0,2387
0,0,62.709,49.944,66.915,0,0,0,0,65.56,51.073,65.751,0,0,1689
41.532,0,65.408,52.416,54.733,6.967,15.505,42.36,0,65.164,54.655,55.766,3.539,0,1689
0,0,66.145,52.677,57.181,7.079,19.014,0,0,63.797,53.706,61.848,5.536,23.126,1689
35.807,0,63.768,50.876,66.102,3.917,18.794,0,0,64.684,51.509,70.192,7.179,23.303,1689
26.958,25.823,49.767,39.19,0,0,0,25.053,26.262,50.322,35.917,60.277,0,0,2372
30.057,26.603,54.619,37.154,0,0,0,30.868,23.17,56.34,31.688,67.299,6.731,34.099,2372
34.891,34.337,79.778,42.954,99.892,0,0,36.298,36.372,69.302,44.812,81.148,5.921,47.996,2372
30.221,28.288,60.388,49.876,76.542,0,0,29.251,30.634,59.036,43.29,64.108,0,0,2372
35.59,45.502,90.908,52.346,97.639,6.289,58.668,46.812,42.463,77.718,51.756,88.446,7.003,55.51,2372
32.827,39.462,69.167,0,0,0,0,35.735,36.101,59.531,0,0,0,0,2372
48.133,41.643,99.429,72.312,80.321,0,0,51.401,54.762,85.387,69.015,0,0,0,2414
36.677,0,57.298,51.786,61.363,9.048,13.4,36.445,0,58.65,52.995,60.346,8.286,0,1689
52.462,49.866,95.056,78.778,88.42,0,0,44.28,0,93.09,0,0,0,0,2414
39.052,0,62.59,51.168,57.811,7.385,0,35.219,0,63.7,51.341,56.655,9.832,0,1689
57.708,46.907,106.758,91.527,85.311,0,0,0,0,101.403,0,0,0,0,2414
0,0,63.646,49.734,56.345,7.238,0,0,0,64.805,0,0,0,0,1689
0,0,73.638,51.051,52.494,6.405,0,32,0,68.755,50.828,52.899,3.716,0,1689
35.615,0,66.981,51.89,55.191,6.863,0,44.996,0,66.559,49.967,50.319,8.511,0,1689
0,0,64.8,52.85,52.588,5.41,17.273,38.896,0,64.916,51.497,0,0,0,1689
0,0,69.007,54.647,54.154,5.336,11.542,0,0,69.074,50.482,54.2,4.773,0,1689
0,0,69.329,54.047,52.089,5.919,10.31,0,0,66.243,51.901,52.191,4.815,17.948,1689
40.555,0,64.435,52.784,57.551,4.314,9.306,33.492,0,62.744,54.361,56.603,3.334,0,1689
0,0,60.816,50.481,58.46,7.844,0,37.241,0,60.687,51.1,57.619,0,0,1689
39.498,0,66.325,52.958,50.837,4.975,5.699,57.193,0,65.811,54.763,51.914,2.974,0,1689
36.384,0,66.51,52.875,54.606,12.262,14.231,38.01,0,63.487,52.412,58.357,4.376,21.091,1689
33.496,0,66.023,55.554,47.28,8.777,10.964,0,0,65.609,54.167,55.509,5.771,0,1689
0,0,68.138,51.723,52.916,3.287,10.437,39.044,0,66.563,49.998,54.336,8.422,14.319,1689
0,0,66.147,48.108,60.095,7.148,27.073,0,0,63.566,48.353,58.887,5.696,34.491,1689
0,0,66.115,53.556,63.258,10.161,18.746,34.606,0,66.153,51.932,64.981,7.017,22.946,1689
0,0,66.893,50.687,51.244,7.796,0,45.788,0,66.087,56.533,52.606,8.402,0,1689
36.54,0,63.9,53.296,48.254,3.058,0,30.708,0,64.064,51.249,49.623,5.975,0,1689
0,0,64.681,56.073,52.016,9.113,8.596,0,0,65.486,58.025,58.109,7.476,0,1689
0,0,65.567,53.135,53.592,5.259,9.046,0,0,66.241,56.721,57.84,7.683,0,1689
30.709,0,65.832,50.833,49.45,4.981,15.001,0,0,66.127,50.851,51.201,4.526,17.5,1689
0,0,67.576,48.661,53.146,5.79,20.809,0,0,68.517,51.764,57.463,5.093,27.055,1689
0,0,71.802,51.938,60.773,7.952,0,33.089,0,66.161,51.021,64.354,8.904,0,1689
0,0,64.524,52.34,55.513,5.308,10.721,41.229,0,61.454,55.384,54.992,4.585,16.813,1689
0,0,92.528,73.294,69.365,7.724,21.837,54.464,58.028,105.997,76.012,71.95,12.074,0,2479
0,0,90.971,69.747,65.234,12.52,25.893,54.843,57.973,103.663,81.9,82.972,12.768,26.336,2479
0,0,93.672,67.617,78.536,6.989,32.417,55.405,56.946,105.346,73.559,71.37,9.437,40.147,2479
0,0,85.681,72.156,69.612,11.357,25.611,44.226,58.485,102.047,73.606,79.575,6.392,37.259,2479
46.228,38.383,88.415,0,0,0,0,42.735,67.204,97.804,63.051,66.55,6.716,32.039,2534
0,0,88.818,62.16,81.879,7.929,0,47.202,51.037,95.529,0,0,0,0,2534
44.318,59.264,91.33,74.439,76.523,0,0,52.334,68.982,93.193,63.157,69.046,14.426,52.255,2534
49.064,40.391,84.544,88.663,76.782,11.505,0,42.868,67.74,91.288,65.734,67.481,8.466,44.897,2534
42.505,37.101,80.795,72.636,67.484,10.855,25.091,41.551,49.67,91.06,60.661,68.593,9.158,38.03,2534
44.246,37.32,90.205,67.499,54.998,9.022,29.308,43.091,55.333,96.669,64.729,52.663,8.073,32.157,2534
46.942,0,85.463,65.551,63.844,10.902,19.12,47.071,74.35,96.75,73.588,64.241,10.657,24.75,2534
48.25,50.121,85.071,68.54,81.721,12.871,51.753,48.101,34.722,98.244,69.474,86.041,6.85,60.506,2534
46.849,66.684,90.41,64.668,120.094,12.889,57.075,66.168,99.288,96.197,71.005,91.823,6.764,76.068,2534
