,Sho to Elb (L),Elb to Wrist (L), Sho to Hip (L),Hip to Knee (L),Knee to Ankle (L),Ankle to Heel (L), Heel to Foot (L),Sho to Elb (R),Elb to Wrist (R), Sho to Hip (R),Hip to Knee (R),Knee to Ankle (R),Ankle to Heel (R), Heel to Foot (R)
0,31.309,33.735,52.95,45.739,62.94,10.705,45.915,24.611,28.084,58.366,39.65,79.528,9.8465,54.126
1,33.627,31.519,47.233,48.334,57.016,3.955,40.296,23.926,27.69,53.3,39.751,80.19,9.8465,54.126
2,31.004,36.235,52.298,44.334,64.592,10.705,45.915,24.246,40.101,56.276,42.895,63.656,9.8465,54.126
3,36.58,42.785,63.363,61.251,85.791,10.1485,42.318,29.748,30.54,76.939,48.751,62.134,6.254,52.048
4,32.476,40.96,56.148,42.06,67.933,10.705,45.915,27.869,39.494,62.762,43.708,61.894,9.8465,54.126
5,34.765,47.281,64.298,61.251,85.791,7.974,40.433,31.21,33.299,82.051,53.931,52.371,7.367,55.965
6,33.878,43.262,61.371,42.397,75.199,6.333,43.653,28.01,42.385,68.495,42.296,68.282,4.853,49.784
7,36.918,42.479,65.74,51.873,67.642,7.224,34.597,34.865,34.528,82.398,53.987,47.531,7.719,52.987
8,33.284,50.624,62.76,65.281,67.933,10.705,45.915,29.627,50.15,68.116,44.275,64.749,3.814,52.046
9,39.181,50.043,69.297,51.884,85.791,9.478,42.318,32.547,37.036,81.334,57.058,58.983,6.273,60.003
10,33.933,43.262,65.547,65.281,67.933,7.707,44.017,31.668,46.383,69.251,47.575,63.904,3.851,54.047
11,41.354,44.724,69.907,51.448,77.015,10.011,39.458,37.386,37.212,79.619,57.539,57.178,4.601,57.661
12,40.746,43.262,62.811,54.661,108.217,9.551,44.484,32.845,43.884,67.491,49.231,80.585,5.406,56.474
13,48.593,36.347,70.287,53.377,85.791,10.1485,39.38,37.784,33.301,83.785,55.578,77.395,5.34,55.897
14,44.891,51.855,65.757,99.568,97.55,10.535,39.279,39.394,43.617,74.296,54.766,68.344,11.953,56.883
15,51.821,32.575,68.706,82.92,85.791,10.1485,42.318,39.82,34.985,87.15,61.683,76.848,9.492,55.459
16,45.429,51.515,66.76,106.375,84.833,8.622,39.19,42.893,42.798,78.009,55.306,65.61,10.36,53.235
17,53.019,38.69,72.688,61.251,88.025,11.032,42.318,41.835,34.726,88.999,58.532,74.685,9.693,57.321
18,40.746,43.262,71.179,103.042,59.006,12.725,57.198,44.459,31.331,84.5,57.442,89.85,9.8465,54.126
19,53.982,51.506,76.013,71.127,81.426,11.325,56.615,44.972,39.372,103.292,63.241,83.691,12.16,66.647
20,52.923,41.659,74.109,57.645,62.809,13.399,45.915,47.815,38.061,89.576,59.245,67.547,9.333,59.687
21,44.9735,43.7545,82.556,65.064,89.203,10.286,61.509,45.784,40.847,119.194,61.305,106.668,7.719,57.321
22,60.431,39.977,83.083,74.136,64.199,13.678,56.247,48.972,37.553,103.236,63.39,92.217,9.8465,54.126
23,58.092,45.191,83.946,65.281,63.243,11.871,57.105,52.116,39.077,104.682,70.634,97.603,10.526,57.6
24,64.6,51.392,90.68,147.661,79.106,10.705,66.461,55.012,42.606,113.433,69.909,177.405,9.8465,54.126
25,70.823,50.196,100.881,101.168,93.994,15.009,57.03,64.883,48.931,112.91,81.02,170.771,19.665,44.862
26,40.746,43.262,102.73,104.91,91.089,17.746,59.351,69.266,52.323,115.089,92.61,143.897,17.388,54.205
27,72.627,74.955,109.388,97.681,119.913,16.025,66.852,65.714,56.829,146.382,99.993,129.042,15.839,70.664
28,44.9735,43.7545,97.065,61.251,85.791,10.1485,42.318,56.506,34.985,146.402,63.656,109.58,17.964,66.535
34,77.085,114.73,100.787,54.371,141.031,8.42,66.422,38.204,64.6,91.3,49.891,158.263,14.028,54.295
35,80.581,123.583,106.491,50.991,125.321,8.42,73.825,48.027,53.781,93.167,50.739,129.673,10.461,68.198
36,72.226,100.205,89.508,54.606,89.185,7.986,65.247,47.834,52.004,87.981,68.582,85.219,9.386,72.129
37,86.273,112.511,97.53,61.215,112.26,9.81,66.422,45.656,62.694,89.672,74.28,83.364,9.382,78.782
38,91.355,126.203,109.004,85.261,138.017,8.42,66.422,48.009,65.575,91.778,90.154,79.122,12.245,85.879
39,78.044,94.582,85.896,59.369,122.445,8.42,66.422,50.529,46.597,85.307,69.186,83.722,11.236,58.596
40,28.415,21.496,45.303,27.001,64.253,5.481,25.373,22.828,22.645,49.714,27.355,56.292,4.905,29.78
41,23.871,29.081,52.984,27.763,71.098,5.757,30.85,23.403,30.457,56.301,37.075,68.723,5.719,34.575
42,16.645,6.431,30.513,24.777,23.149,3.323,16.512,28.73,27.4415,33.002,25.666,23.177,4.26,16.572
43,21.818,39.884,52.937,45.143,74.8305,5.757,30.85,22.241,29.354,50.156,31.916,60.021,5.509,38.781
44,20.415,29.3705,51.068,66.201,56.84,5.406,37.477,21.951,28.054,49.765,56.512,50.54,4.766,25.529
45,21.701,29.927,53.202,34.573,64.855,3.662,37.477,28.73,27.4415,43.478,40.682,49.582,4.766,25.529
46,26.483,28.814,54.603,34.845,44.935,3.662,38.919,25.693,24.632,60.903,34.195,60.114,5.272,34.486
47,25.675,25.31,60.254,40.41,46.864,3.662,37.477,24.795,25.244,70.299,34.828,64.252,4.766,25.529
48,27.417,23.314,54.016,73.059,39.598,3.662,37.477,25.773,22.598,56.522,36.887,77.155,4.766,25.529
49,31.08,28.338,64.438,50.246,63.963,3.662,37.477,28.73,26.829,65.706,37.878,90.953,4.766,25.529
50,32.896,29.081,66.611,45.143,78.563,5.757,30.85,35.199,35.271,67.305,43.711,83.076,5.509,34.575
51,36.098,32.349,75.283,49.119,52.942,3.662,37.477,34.838,32.178,71.13,65.879,57.415,4.766,25.529
52,31.485,29.983,61.919,60.287,42.382,3.662,37.477,31.721,30.319,58.386,66.848,43.968,4.766,25.529
53,26.143,29.081,98.597,101.142,157.344,14.87,60.064,46.584,49.99,104.469,59.49,134.969,5.509,34.575
54,26.143,29.081,87.706,55.892,74.8305,5.757,30.85,48.088,49.038,108.583,59.796,121.235,5.509,34.575
55,45.501,47.964,90.096,75.478,69.403,3.662,37.477,51.996,45.284,85.937,37.878,57.415,4.766,25.529
56,50.672,53.235,115.195,84.099,79.557,3.662,37.477,63.5,27.4415,99.098,37.878,57.415,4.766,25.529
59,16.632,18.368,37.381,23.791,50.224,3.842,25.122,17.415,88.248,39.926,23.314,53.447,7.3225,48.0955
60,19.666,31.861,49.564,29.298,56.334,4.394,29.901,22.401,23.411,49.121,29.084,58.502,6.299,28.33
63,16.798,19.028,29.774,27.898,32.369,3.842,25.122,27.836,88.248,32.027,26.759,27.063,7.3225,48.0955
64,20.922,29.825,49.857,32.074,55.17,4.042,28.356,21.141,27.984,46.844,29.551,49.751,3.872,30.106
65,21.033,32.518,55.022,28.257,53.71,3.509,33.895,22.679,30.521,53.32,29.326,50.464,3.877,32.206
68,20.045,34.841,45.399,36.62,51.442,5.791,44.3175,19.218,50.349,45.619,42.6395,58.502,7.1015,38.461
69,21.938,25.779,45.88,32.113,53.922,5.791,44.3175,32.465,40.435,40.936,30.935,45.853,7.1015,38.461
71,22.867,29.614,48.879,34.76,56.334,5.791,44.3175,32.465,40.435,43.76,42.6395,58.502,7.1015,38.461
77,39.254,34.579,112.139,63.171,61.081,5.791,44.3175,43.108,40.435,92.737,42.6395,58.502,7.1015,38.461
78,41.191,38.109,102.396,80.246,66.953,7.188,54.74,42.251,40.435,88.036,54.344,71.435,7.904,44.716
83,51.736,50.29,145.313,92.844,80.821,10.504,66.585,55.762,63.762,123.048,60.357,122.562,13.279,45.772
84,52.871,64.679,169.276,145.039,114.541,13.02,84.851,60.489,74.519,142.02,70.534,164.934,17.078,59.15
85,79.474,84.39,210.65,127.311,56.334,5.791,44.3175,32.465,40.435,143.145,190.433,58.502,7.1015,38.461
90,28.345,23.041,47.033,35.661,42.589,3.842,25.122,27.836,27.217,48.911,35.977,42.827,4.345,36.353
91,21.088,25.301,42.963,37.406,52.298,3.842,25.122,23,88.248,42.817,30.043,53.447,7.3225,48.0955
96,37.605,51.586,41.471,30.796,43.009,4.338,37.901,27.078,50.884,44.118,34.133,56.955,4.321,33.815
97,32.88,58.79,45.753,31.439,57.402,4.597,39.067,25.822,64.688,49.076,31.104,66.072,5.208,35.375
98,40.398,67.887,44.824,46.463,46.036,3.893,43.141,22.203,50.884,51.941,33.397,74.355,6.765,33.961
99,38.735,63.223,51.372,39.933,59.419,3.974,40.203,22.652,37.134,54.504,32.17,96.646,8.526,30.405
100,50.622,67.542,54.644,35.697,56.467,4.367,37.735,25.271,33.109,52.709,33.475,79.741,7.173,29.091
101,48.371,59.596,66.101,38.57,73.494,7.312,50.653,26.228,43.168,67.397,37.675,74.035,6.727,43.998
102,91.197,46.514,98.477,102.418,181.872,3.842,25.122,74.767,88.248,101.65,81.587,117.26,10.3,59.838
104,66.719,41.654,108.32,91.387,91.257,3.842,25.122,79.165,88.746,112.935,75.735,89.397,7.3225,48.0955
106,69.229,113.199,73.327,64.641,66.847,7.113,68.697,35.733,90.489,75.917,66.232,106.373,9.186,53.42
107,87.455,132.741,109.045,80.729,139.436,10.036,80.807,39.84,50.884,106.289,63.286,181.066,17.847,59.069
108,84.207,128.019,99.986,76.634,116.413,10.109,73.782,58.97,64.363,91.111,85.525,159.245,14.545,56.143
109,100.509,112.808,128.157,75.175,92.194,9.077,84.531,39.84,50.884,110.329,55.723,84.613,7.616,50.579
111,47.994,90.675,66.825,52.735,112.092,9.523,47.762,65.951,47.476,88.555,51.726,71.572,4.754,60.096
113,53.778,36.11,79.959,70.193,63.248,7.766,14.028,38.3255,42.891,91.975,69.344,62.095,8.464,20.292
114,69.902,36.11,89.33,64.797,71.171,5.059,30.055,38.3255,42.891,88.593,59.126,60.991,5.7105,20.292
115,68.25,36.11,83.332,65.475,77.075,12.97,39.047,38.3255,42.891,85.563,66.864,70.383,9.952,19.702
116,37.853,36.11,85.362,62.836,65.496,11.86,25.522,38.3255,42.891,88.259,59.126,60.991,5.7105,20.292
117,37.853,36.11,79.933,61.304,60.615,2.939,15.284,38.3255,42.891,83.55,63.827,59.101,3.973,20.292
118,37.853,36.11,77.755,63.367,60.531,4.917,14.581,38.3255,42.891,82.709,59.454,59.888,5.7105,20.292
119,18.314,16.748,32.882,23.368,27.248,2.465,13.579,16.494,11.964,32.52,23.306,26.222,2.827,12.001
120,17.812,22.559,33.639,26.877,23.821,3.763,5.781,18.136,11.505,31.145,25.274,26.3985,3.847,8.19
121,19.915,16.748,33.482,25.741,23.079,3.926,3.727,19.213,11.505,30.491,26.393,23.583,3.597,4.589
122,37.853,36.11,80.977,62.094,60.377,11.956,25.664,38.3255,42.891,80.621,59.126,60.991,5.7105,20.292
123,42.411,46.291,87.666,65.054,61.863,8.427,19.293,38.3255,42.891,86.132,64.397,62.21,7.946,26.618
124,51.494,36.11,84.615,65.926,57.115,11.177,18.363,38.3255,42.891,81.818,66.707,56.394,13.99,16.687
125,46.397,36.11,82.182,67.784,61.022,4.213,17.637,56.796,42.891,82.468,67.031,64.61,3.278,22.475
126,37.853,36.11,85.398,62.802,67.34,8.675,16.609,38.3255,42.891,82.242,59.126,60.991,5.7105,20.292
127,37.853,36.11,87.581,65.492,67.216,8.612,36.761,38.3255,42.891,82.915,63.219,74.365,5.7105,20.292
128,37.853,36.11,86.838,67.275,64.895,6.551,15.969,38.3255,42.891,88.075,65.713,63.781,11.646,24.196
129,16.363,14.625,28.475,23.091,28.324,3.435,11.119,18.136,11.046,30.399,24.155,27.367,3.49,7.819
130,50.767,36.11,76.044,57.298,59.268,9.285,14.581,49.87,42.891,75.606,58.994,60.991,5.7105,20.292
131,54.304,36.11,80.881,68.406,69.937,7.52,11.826,61.042,42.891,81.718,64.974,71.845,6.605,17.342
132,37.853,36.11,71.928,61.186,70.948,7.582,14.581,38.3255,42.891,74.514,59.126,60.991,5.7105,20.292
133,37.853,36.11,74.924,59.317,61.863,7.52,14.581,38.3255,42.891,74.428,59.126,60.991,5.7105,20.292
134,37.853,36.11,86.462,66.282,63.34,5.971,14.581,45.646,42.891,86.592,66.154,67.138,4.114,20.292
135,37.853,36.11,77.139,65.89,59.297,11.363,10.523,38.3255,42.891,78.837,62.166,68.819,5.437,20.292
136,3.557,3.048,7.663,4.378,5.947,0.802,3.075,25.183,23.2275,6.969,32.7735,53.01,2.087,12.351
137,11.673,14.299,22.775,24.087,24.88,7.312,50.653,10.672,6.287,26.065,26.341,27.104,7.616,50.579
138,12.51,11.007,26.812,25.178,24.563,2.642,8.426,12.673,10.017,28.924,20.846,19.945,2.329,9.107
139,13.118,13.956,17.813,27.261,25.831,3.165,11.324,12.294,8.829,19.358,25.006,22.22,2.411,13.054
140,37.853,36.11,77.398,65.435,70.716,6.277,10.715,38.3255,42.891,78.053,63.661,69.069,8.825,20.292
141,37.853,36.11,80.949,63.956,68.86,6.182,14.581,38.3255,42.891,82.14,59.126,60.991,10.551,20.292
142,42.315,36.11,81.999,65.678,66.903,8.453,14.581,38.3255,42.891,84.897,65.176,60.991,5.7105,20.292
143,57.182,61.399,123.526,89.61,86.576,17.515,55.659,43.788,55.3505,114.645,71.93,86.169,9.9285,27.963
144,37.853,36.11,75.894,59.5715,61.863,7.52,14.581,38.3255,42.891,74.82,59.126,60.991,5.7105,20.292
145,37.853,36.11,68.109,58.083,53.612,7.713,14.581,38.3255,42.891,70.091,59.126,60.991,5.7105,20.292
146,16.181,59.596,27.451,39.398,49.852,5.096,50.653,16.047,19.939,30.397,38.139,44.788,4.173,16.684
147,53.982,36.11,76.328,63.599,66.32,6.615,5.655,38.3255,42.891,78.425,62.721,64.908,5.599,20.292
149,21.022,26.149,38.854,72.702,50.333,4.822,28.849,18.398,21.631,42.513,43.023,53.276,5.119,28.129
150,52,36.11,74.052,53.997,53.252,8.516,14.581,38.3255,42.891,72.853,55.23,60.991,5.7105,20.292
151,17.032,59.596,24.422,45.902,35.931,2.78,26.441,39.84,50.884,26.589,46.766,41.585,3.787,23.704
152,37.853,36.11,74.479,60.752,57.809,10.006,8.887,38.3255,42.891,78.104,60.454,59.164,2.906,20.292
154,53.549,36.11,70.374,57.35,56.505,7.667,9.847,49.481,42.891,73.7,57.12,53.951,8.66,20.292
155,20.054,16.748,40.015,29.32,26.691,4.418,4.332,18.136,11.505,39.272,27.934,26.575,4.249,7.448
156,23.931,22.103,57.728,32.25,92.194,7.312,50.653,23.594,27.735,65.594,55.723,84.613,7.616,50.579
157,44.335,36.11,73.486,69.543,67.39,11.358,6.187,38.3255,42.891,76.396,68.093,70.555,5.822,20.292
158,29.027,26.455,52.119,33.393,66.423,7.312,50.653,25.525,27.887,60.18,34.918,84.613,7.616,50.579
159,27.001,31.26,59.495,37.62,61.428,7.312,50.653,27.473,31.001,66.485,32.186,84.613,7.616,50.579
160,42.487,36.11,76.096,61.862,70.344,6.539,13.241,38.3255,42.891,78.333,60.399,66.869,9.847,19.786
161,29.855,26.396,55.666,52.891,73.583,5.587,36.545,29.267,27.83,62.25,48.125,92.408,10.27,24.873
162,47.572,36.11,79.162,64.808,61.864,3.833,12.756,60.395,42.891,77.767,60.046,61.524,5.7105,20.292
163,30.479,44.913,63.134,76.08,78.232,5.597,52.532,29.352,39.555,68.685,49.487,98.019,8.65,42.156
164,48.521,36.11,79.23,63.383,63.064,6.105,12.516,38.3255,42.891,81.285,60.822,60.991,5.7105,20.292
165,32.817,49.687,67.757,58.962,102.054,7.796,50.653,31.936,48.786,71.455,75.565,103.371,8.379,50.579
166,50.855,36.11,76.263,63.13,62.458,3.954,14.581,38.3255,42.891,79.032,59.126,60.991,5.7105,20.292
167,38.683,31.808,66.666,55.435,102.2,8.868,48.5,33.853,37.036,72.737,51.008,93.913,7.616,51.005
168,38.41,44.152,79.113,48.194,96.731,6.833,53.917,36.741,44.829,81.388,48.294,84.613,6.624,59.15
169,33.165,56.52,84.907,50.743,94.916,7.925,52.574,38.996,43.578,80.904,48.124,84.789,6.745,58.679
170,37.853,36.11,72.18,57.087,61.863,7.52,14.581,28.155,42.891,77.591,59.126,60.991,5.7105,20.292
171,20.197,24.025,45.4,28.712,41.831,3.165,31.621,23.501,20.266,41.506,30.987,42.067,2.087,12.351
172,38.394,43.621,80.715,48.754,97.141,7.129,42.447,40.765,42.806,79.518,55.723,66.656,5.71,53.98
173,37.194,40.136,80.394,43.524,99.553,7.312,50.653,39.383,41.166,78.408,65.917,72.364,8.401,51.537
174,47.404,48.685,111.015,61.118,114.527,7.495,54.893,50.744,49.955,106.884,60.402,76.738,6.176,64.631
175,19.733,27.809,44.073,51.237,45.522,9.988,16.331,22.002,24.502,44.779,51.625,43.394,4.209,26.967
176,44.619,39.982,90.707,59.035,70.803,7.312,50.653,44.905,40.764,95.77,62.201,66.295,10.807,48.19
177,49.646,45.785,105.645,64.027,82.181,8.35,62.536,46.419,50.884,111.821,63.968,77.991,9.548,54.966
178,28.54,24.626,53.421,55.147,57.046,7.704,53.406,23.788,25.001,57.159,46.888,53.711,3.692,32.528
179,30.025,46.118,58.753,40.839,84.372,5.785,46.961,25.161,45.341,57.554,39.394,97.089,7.725,40.893
180,30.631,27.576,55.681,48.551,70.727,7.704,53.406,24.576,26.034,57.314,46.839,75.279,9.9285,27.963
181,27.012,52.18,70.136,47.466,93.523,6.213,53.178,30.605,38.486,69.129,51.379,92.679,7.956,23.879
182,82.988,87.842,138.089,109.612,114.024,14.844,17.5,66.73,64.673,136.332,105.734,65.926,8.581,20.798
183,33.487,44.803,77.749,46.254,80.241,5.854,53.986,32.805,41.123,73.986,48.095,76.838,7.956,23.879
184,36.684,43.09,80.375,45.839,90.194,6.564,51.502,34.826,38.743,80.329,45.659,82.534,9.9285,27.963
185,84.549,86.752,141.562,104.288,110.042,20.198,17.5,63.847,64.673,138.896,106.547,102.751,19.028,20.798
186,32.257,53.745,74.091,44.843,97.053,6.557,53.406,33.207,48.521,70.555,44.984,82.484,9.9285,27.963
187,74.998,73.778,127.871,103.698,99.823,15.626,36.146,65.096,64.673,127.821,102.523,106.677,17.675,20.798
188,29.465,53.029,65.352,78.559,73.079,5.688,52.422,32.386,52.637,60.987,77.211,68.368,9.9285,27.963
189,72.781,81.932,120.874,101.577,110.652,8.823,42.782,60.16,67.691,116.672,103.163,105.635,11.443,27.817
190,41.951,46.099,85.783,52.035,128.915,9.847,53.538,41.424,45.585,81.215,52.984,108.108,8.971,58.29
191,71.639,75.156,122.277,102.173,117.416,20.553,44.512,65.838,60.228,121.774,83.718,85.574,10.494,27.817
192,42.659,53.546,83.193,58.848,104.094,9.988,16.331,38.927,52.933,81.843,55.445,97.094,7.956,23.879
193,66.2,69.171,117.767,105.238,115.186,18.561,35.854,65.716,67.855,122.625,65.663,65.926,8.581,20.798
194,64.254,73.344,113.026,106.289,113.939,11.182,42.782,66.834,75.154,115.341,83.718,85.574,10.9685,27.817
195,43.578,47.067,86.983,61.401,94.564,7.704,53.406,36.157,55.3505,85.923,58.199,89.804,9.9285,27.963
196,61.944,75.187,104.89,100.019,65.805,10.053,17.5,63.691,76.389,104.852,65.663,65.926,8.581,20.798
197,49.912,54.114,107.211,65.811,128.51,9.563,66.77,43.788,55.3505,99.459,63.331,132.865,9.9285,27.963
198,58.671,66.631,107.725,92.204,65.805,10.053,17.5,61.852,75.403,111.438,65.663,65.926,8.581,20.798
199,48.69,74.475,97.21,74.831,127.144,7.704,53.406,52.708,111.839,99.123,69.576,127.14,9.9285,27.963
200,61.941,69.582,116.772,96.138,109.334,11.456,13.652,59.155,73.387,116.529,65.663,65.926,8.581,20.798
201,52.819,80.694,106.575,80.174,137.14,9.573,74.525,58.631,118.112,105.752,72.684,174.255,9.9285,27.963
202,62.523,60.934,114.095,80.53,81.279,8.456,24.668,58.508,77.397,109.409,78.683,79.6,10.49,30.771
203,54.423,80.53,111.618,81.631,137.32,10.903,69.591,47.479,84.503,108.913,79.147,194.699,7.956,23.879
204,55.654,71.162,113.175,83.488,136.369,11.059,63.514,49.471,91.64,109.546,77.961,193.024,9.9285,27.963
205,63.152,67.37,120.193,86.195,75.234,7.405,27.15,60.715,88.476,107.87,92.437,76.571,12.944,29.875
206,60.447,80.267,126.214,97.425,167.515,12.664,80.527,64.089,69.337,119.883,91.799,194.883,7.956,23.879
207,60.309,83.908,127.937,92.397,211.168,16.923,78.328,63.383,78.793,122.825,94.087,201.18,18.151,72.148
208,67.696,68.508,111.484,93.121,96.111,13.303,19.013,55.679,64.673,109.741,96.425,100.879,10.807,30.173
209,65.426,85.796,128.634,95.867,182.209,7.704,53.406,65.694,103.661,122.69,162.06,135.583,12.294,102.125
210,63.67,70.839,112.428,91.879,87.39,12.941,25.355,49.672,64.673,112.382,89.587,94.873,9.782,34.107
211,63.513,70.625,107.662,89.365,84.831,12.62,42.782,58.954,67.691,112.636,83.718,85.574,16.867,27.817
212,73.03,79.512,153.641,116.864,76.4215,7.704,53.406,92.654,55.3505,140.091,107.31,177.926,9.9285,27.963
213,60.542,64.533,106.306,92.379,69.891,12.147,17.5,49.672,64.673,103.009,78.818,85.028,7.766,32.542
214,61.2,62.604,110.205,89.338,71.676,9.744,13.773,62.999,67.691,103.419,82.073,79.344,6.666,27.817
215,68.639,51.959,100.258,83.848,82.273,8.886,17.5,52.893,64.673,99.308,85.361,81.064,13.277,20.798
216,89,69.3,181.479,128.116,237.621,7.704,53.406,43.788,55.3505,165.499,123.866,86.169,9.9285,27.963
217,58.955,66.355,97.584,82.741,80.521,9.101,21.712,55.38,64.673,98.722,77.554,77.612,8.631,20.404
218,54.152,62.191,90.476,81.983,87.751,4.377,16.331,51.984,50.8215,88.432,84.841,83.157,6.96,23.879
219,58.386,63.234,101.309,84.372,78.004,9.143,17.5,60.012,64.673,97.89,84.785,77.425,12.49,20.798
220,60.519,64.689,106.271,92.691,90.867,10.22,14.316,58.188,50.8215,101.239,91.598,94.531,13.728,20.68
221,61.102,66.302,109.067,92.299,92.585,7.368,15.319,63.212,64.673,104.595,92.15,96.98,15.18,20.798
222,59.384,58.748,93.951,84.218,99.283,12.247,17.5,48.662,64.673,84.241,81.121,99.342,12.983,20.798
223,42.478,25.932,70.001,62.491,55.982,6.579,10.27,38.3255,42.891,71.214,61.63,56.203,9.581,15.954
224,58.304,65.849,84.404,101.568,76.934,9.988,16.331,54.849,75.919,79.069,102.038,121.073,15.465,23.879
225,37.948,34.899,71.422,64.701,66.822,7.159,16.604,41.326,42.891,71.655,64.729,67.101,5.444,20.292
226,56.227,52.18,97.465,70.207,73.263,11.503,16.331,46.468,50.8215,94.169,71.04,80.956,7.956,23.879
227,53.73,50.96,94.485,73.191,79.566,9.595,16.414,48.783,50.8215,89.328,76.131,81.635,8.187,28.457
228,53.258,49.534,89.303,71.006,71.546,10.371,16.331,51.284,50.8215,90.859,72.075,80.956,4.524,23.879
229,37.853,36.11,60.668,50.094,61.863,7.52,14.581,38.3255,42.891,61.906,59.126,60.991,5.7105,20.292
230,51.327,52.263,92.074,85.675,70.788,11.523,10.623,66.231,50.8215,88.22,71.421,78.81,6.583,23.977
231,37.853,36.11,66.679,54.041,61.863,7.52,14.581,38.3255,42.891,65.9,59.126,60.991,5.7105,20.292
232,48.357,52.097,87.455,75.628,66.116,9.988,9.883,56.193,50.8215,85.963,68.274,69.534,14.193,23.879
233,45.958,50.848,96.299,67.299,68.966,9.123,20.113,47.465,55.3505,91.295,71.93,67.952,13.08,23.398
234,44.283,57.958,85.954,68.285,69.997,7.243,17.94,47.56,55.3505,83.256,73.583,69.579,8.259,12.75
235,44.156,58.119,88.267,66.917,74.011,7.704,14.599,42.948,64.095,85.062,78.783,78.725,11.598,14.955
236,46.927,71.909,89.054,78.32,78.908,11.043,19.135,47.494,64.673,88.193,85.867,90.468,12.453,18.575
237,36.122,36.11,69.676,57.272,61.308,5.404,12.967,38.3255,42.891,71.323,58.627,60.513,4.223,20.34
238,45.302,66.754,86.414,70.516,76.934,7.407,9.438,44.451,65.697,83.826,80.112,80.739,10.052,12.525
239,46.354,72.022,84.866,65.973,75.417,6.913,17.734,44.499,63.938,80.056,80.539,78.184,10.483,16.117
240,36.387,36.11,68.072,60.163,63.956,11.044,15.474,38.3255,42.891,71.654,61.814,62.058,11.067,20.459
241,40.593,48.881,76.949,60.941,64.074,11.061,16.331,38.918,50.986,76.681,60.886,63.4,6.399,23.879
242,37.853,36.11,63.523,59.242,64.233,6.351,9.295,38.3255,42.891,63.847,58.276,60.991,8.511,20.292
243,37.46,36.11,69.164,59.577,57.416,9.602,11.57,38.3255,42.891,70.948,57.997,59.48,3.199,20.292
244,37.853,36.11,66.94,57.038,53.261,3.351,12.159,38.3255,42.891,71.168,57.589,50.528,3.484,20.292
245,42.601,52.18,83.511,64.092,66.816,11.556,8.89,42.844,50.657,80.669,72.125,65.573,10.96,11.805
246,37.945,36.11,68.602,59.428,63.748,7.579,12.779,38.3255,42.891,71.349,59.766,66.554,6.306,20.292
247,43.635,52.18,77.637,65.022,73.411,10.745,15.336,41.28,50.8215,75.432,71.04,71.073,9.58,19.121
248,37.488,30.745,67.556,60.604,64.053,7.923,14.387,38.3255,42.891,71.221,58.513,65.102,5.2,21.526
249,42.76,47.652,73.851,61.164,58.549,9.232,16.331,50.659,50.8215,73.802,61.239,66.126,7.234,23.781
250,38.949,36.11,68.823,64.85,74.602,7.256,16.207,38.3255,42.891,70.603,64.167,74.111,8.576,23.101
251,41.61,54.326,73.025,60.705,60.608,8.758,11.335,53.509,50.8215,74.893,59.101,66.569,7.427,23.879
252,42.819,66.3285,73.748,60.803,63.321,9.804,15.024,45.792,64.673,75.292,61.298,67.574,9.715,20.798
253,37.853,36.11,71.055,55.712,66.646,8.243,14.581,38.3255,42.891,71.295,59.126,60.991,5.7105,20.292
254,40.969,66.3285,75.508,65.514,64.443,8.056,11.939,46.188,64.673,75.892,66.321,67.296,7.796,17.6
255,37.853,36.11,72.892,60.455,63.274,5.555,14.581,38.3255,42.891,75.705,59.126,60.991,5.7105,20.292
256,36.622,36.11,68.23,59.069,61.863,7.52,14.581,35.491,42.891,71.661,59.126,60.991,5.7105,20.292
257,37.569,36.11,71.991,61.257,57.546,9.235,15.621,53.923,42.891,75.063,55.872,56.726,10.593,20.292
258,38.603,45.316,66.587,56.995,57.734,7.47,14.718,39.488,55.508,67.934,63.422,58.06,8.581,13.254
259,39.375,36.11,74.247,58.301,54.532,7.869,13.56,38.3255,42.891,74.743,53.28,54.611,6.718,20.292
260,36.882,47.881,64.086,53.121,69.714,7.915,19.37,37.934,47.141,66.395,59.508,65.358,9.197,17.826
261,37.853,37.866,74.68,52.594,57.602,8.14,11.584,54.487,42.891,73.47,56.528,55.554,7.047,17.591
262,36.317,53.563,73.338,56.243,64.338,11.989,18.657,38.821,42.891,75.954,57.946,61.897,2.708,19.457
263,36.724,66.3285,65.378,55.025,55.975,6.15,17.5,35.689,64.673,67.136,54.893,65.926,8.581,20.798
264,34.997,50.32,73.423,55.77,62.465,8.658,19.001,38.3255,42.891,76.953,59.688,60.399,3.206,20.292
265,35.712,66.3285,69.599,66.716,65.805,10.053,17.5,35.3,64.673,66.558,65.663,65.926,8.581,20.798
266,35.98,52.591,70.103,59.234,57.858,7.312,14.775,38.3255,42.891,80.249,61.163,58.116,3.19,20.292
267,36.173,66.3285,72.226,53.233,49.459,10.03,8.858,34.668,64.673,73.936,57.077,50.439,9.205,14.978
268,35.378,55.062,73.409,59.566,61.97,10.914,12.451,47.667,42.891,76.284,59.386,59.183,5.004,20.292
269,38.384,44.254,70.548,59.583,65.131,5.288,23.208,37.83,42.891,74.594,59.041,64.096,3.654,22.259
270,35.973,44.262,71.176,59.75,57.031,5.054,16.416,32.508,42.891,74.033,56.586,59.132,4.613,19.544
271,18.919,59.596,33.555,34.487,39.476,4.003,19.72,39.84,50.884,30.356,39.029,39.953,4.732,19.978
272,35.962,37.02,73.938,55.798,52.424,7.623,10.14,34.102,64.673,74.466,55.028,55.868,7.331,20.798
273,37.301,40.643,69.393,56.815,58.407,7.725,53.406,38.188,55.3505,67.855,54.814,86.169,9.9285,27.963
274,36.811,36.11,76.927,58.659,72.581,7.52,14.581,40.907,44.025,76.62,59,73.548,5.7105,20.292
275,18.111,19.934,47.721,70.586,76.4215,7.704,53.406,15.209,7.01,44.427,71.93,86.169,9.9285,27.963
276,31.876,36.11,86.905,57.758,86.108,7.399,55.74,40.698,48.717,82.485,57.189,80.847,6.803,59.558
277,36.091,36.11,71.691,56.119,60.848,8.924,14.581,51.226,42.891,74.267,55.32,60.945,8.194,20.292
278,37.853,36.11,70.449,57.488,54.503,5.282,18.533,38.3255,42.891,71.538,59.126,60.991,5.7105,20.292
279,37.853,36.11,69.455,56.444,56.899,8.09,7.056,49.715,42.891,73.653,56.758,57.724,7.079,15.317
280,18.272,59.596,32.817,35.155,29.514,2.927,22.075,18.804,22.896,32.195,34.404,28.592,3.438,22.511
281,22.702,59.596,31.756,21.398,92.194,7.312,50.653,39.84,50.884,31.788,55.723,84.613,7.616,50.579
282,48.086,36.11,66.875,61.319,55.372,9.472,8.207,38.3255,42.891,71.617,59.126,54.927,5.837,20.292
283,43.879,36.11,64.415,54.157,62.073,7.816,15.592,38.3255,42.891,65.46,52.435,63.585,8.051,20.292
284,20.926,59.596,46.532,35.012,56.282,7.312,50.653,23.977,33.561,46.497,37.289,52.625,7.616,50.579
285,29.851,54.051,57.2,39.184,50.725,8.876,56.394,43.154,66.493,54.271,38.35,49.795,3.824,39.375
286,23.444,33.727,32.975,55.3795,92.194,7.312,50.653,24.219,50.884,32.065,55.723,84.613,7.616,50.579
287,20.213,21.642,36.386,28.888,32.906,7.312,50.653,21.179,21.508,36.549,30.952,84.613,7.616,50.579
288,25.564,54.051,50.226,43.687,59.721,8.876,56.394,24.535,66.493,50.66,64.4775,93.771,6.479,60.662
289,20.092,8.612,34.371,29.248,92.194,7.312,50.653,39.84,50.884,32.042,55.723,84.613,7.616,50.579
290,29.361,37.312,74.653,58.468,102.284,8.876,56.394,29.668,66.493,73.508,64.4775,93.771,6.479,60.662
291,27.831,41.283,65.492,36.906,65.614,8.876,56.394,29.929,66.493,66.587,37.17,65.089,5.914,43.622
292,31.852,54.051,81.11,46.441,83.295,8.876,56.394,37.619,45.002,76.569,48.877,79.694,6.479,60.662
293,55.536,66.3285,65.792,51.09,41.064,7.049,6.29,49.672,64.673,69.475,46.405,41.698,10.069,20.798
294,32.896,52.266,81.462,58.468,102.284,8.876,56.394,43.154,66.493,76.119,64.4775,93.771,6.479,60.662
295,37.853,36.11,70.628,52.137,61.49,8.966,14.581,38.3255,42.891,68.716,53.74,65.96,5.7105,20.292
296,31.787,54.051,65.467,59.25,60.299,8.876,56.394,43.154,66.493,61.66,67.484,62.771,6.479,60.662
297,38.241,54.051,110.822,46.106,104.927,8.876,56.394,40.906,66.493,91.88,54.142,88.642,9.09,64.141
298,30.238,42.546,85.114,46.144,71.09,7.312,50.653,36.367,36.662,78.793,48.288,64.684,7.616,50.579
299,41.601,36.11,68.147,56.706,53.813,8.424,7.996,38.3255,42.891,70.759,56.456,52.041,5.329,20.292
300,40.07,54.051,112.264,55.528,114.702,8.876,56.394,43.734,52.652,96.263,62.005,85.556,8.722,72.244
301,29.648,46.518,75.753,55.3795,92.194,7.312,50.653,35.985,37.351,71.568,57.492,62.199,7.616,50.579
302,37.853,36.11,66.233,53.434,56.516,6.1,14.581,38.3255,42.891,67.621,59.126,60.991,5.7105,20.292
303,39.699,54.051,76.198,54.979,102.284,8.876,56.394,43.154,66.493,70.229,64.4775,93.771,6.479,60.662
304,55.536,66.3285,66.486,56.471,48.547,5.238,17.5,43.042,64.673,67.077,55.003,56.085,4.193,20.798
305,43.557,54.051,111.176,57.686,161.142,15.596,57.86,50.843,66.493,85.771,65.086,100.517,8.927,71.649
306,37.439,51.506,97.369,51.665,120.796,7.312,50.653,47.423,45.857,89.779,52.113,104.484,7.567,63.087
307,51.57,66.3285,65.913,55.901,52.292,8.306,9.45,46.056,64.673,67.809,59.775,55.007,4.308,20.798
308,39.309,73.32,102.075,56.88,99.517,7.578,70.919,43.361,56.213,97.535,56.81,96.543,8.794,70.047
309,35.631,66.3285,66.292,54.314,54.658,7.933,14.187,31.671,64.673,67.215,54.384,56.282,8.244,17.713
310,48.329,54.051,134.81,65.037,103.47,8.876,56.394,43.154,66.493,113.091,67.648,121.562,6.479,60.662
311,42.494,60.315,90.359,57.822,87.884,7.312,50.653,44.138,52.625,91.423,57.243,83.091,10.011,59.553
312,29.762,57.777,48.513,40.932,46.275,4.255,53.406,27.226,55.3505,49.127,39.451,47.164,5.69,27.963
313,55.536,66.3285,66.797,52.103,60.707,7.996,19.267,49.672,64.673,65.289,56.768,58.911,7.945,20.798
314,53.872,54.051,112.295,67.288,101.098,8.876,56.394,43.154,66.493,91.861,63.869,99.893,6.479,60.662
315,41.226,82.972,94.609,66.713,100.079,7.312,50.653,40.297,63.39,93.425,63.416,104.773,8.462,63.099
316,55.536,66.3285,68.49,51.553,53.68,7.621,14.18,49.672,64.673,66.679,53.076,53.832,8.581,20.798
317,51.517,59.596,98.184,68.882,92.194,7.312,50.653,49.125,78.036,97.669,69.03,84.613,7.616,50.579
318,55.954,68.829,112.096,85.993,88.267,7.312,50.653,51.766,75.973,107.837,77.735,94.855,7.616,50.579
319,55.536,66.3285,68.367,56.901,51.219,8.857,15.887,49.672,64.673,70.314,55.586,52.116,8.466,22.273
320,62.505,66.276,120.189,83.298,98.537,7.312,50.653,53.091,70.998,123.094,73.505,121.946,12.428,52.948
321,41.738,66.3285,73.343,56.117,52.098,12.172,6.963,49.672,64.673,75.33,52.382,53.639,8.236,12.893
322,66.867,94.142,136.491,98.456,163.496,10.038,107.179,71.232,158.363,139.655,82.684,209.569,18.408,84.317
323,27.38,30.711,46.524,37.359,42.076,6.274,14.581,29.158,42.891,45.424,59.126,60.991,5.7105,20.292
324,55.536,66.3285,63.765,55,65.805,10.053,17.5,49.672,64.673,64.778,65.663,65.926,8.581,20.798
325,75.238,71.761,145.637,110.263,155.915,11.869,87.892,66.545,130.723,136.83,105.549,139.493,14.399,89.376
326,43.314,66.3285,74.388,59.22,53.535,5.95,5.754,49.672,64.673,73.512,53.933,53.194,7.465,20.798
327,85.371,94.916,178.1,121.057,92.194,7.312,50.653,39.84,50.884,154.075,119.693,84.613,7.616,50.579
328,99.96,94.828,238.93,55.3795,92.194,7.312,50.653,39.84,50.884,162.205,55.723,84.613,7.616,50.579
329,45.288,66.3285,70.245,58.029,58.175,8.877,17.157,49.672,64.673,69.553,57.429,57.602,8.958,19.621
330,55.536,66.3285,68.297,60.141,52.36,10.957,10.414,49.672,64.673,70.015,57.564,56.7,6.549,20.798
331,37.906,66.3285,69.354,59.958,51.965,10.386,13.877,49.672,64.673,68.612,58.377,58.451,6.388,20.798
332,55.536,66.3285,71.706,66.011,60.05,9.804,6.391,49.708,64.673,69.615,59.924,59.338,5.516,20.798
333,28.632,42.912,65.765,59.312,69.928,7.312,50.653,34.119,32.055,54.936,55.888,61.117,7.616,50.579
334,37.364,44.612,72.624,51.166,67.358,4.376,53.783,35.207,55.653,76.746,49.039,68.191,6.16,47.66
335,33.548,59.596,69.914,58.075,91.373,7.312,50.653,33.327,65.252,71.696,58.671,84.249,6.765,63.438
336,55.536,66.3285,69.21,56.986,65.805,10.053,17.5,49.672,64.673,70.259,65.663,65.926,8.581,20.798
337,34.19,50.868,69.657,60.314,78.747,8.876,56.394,33.665,56.007,68.977,61.521,82.292,6.479,60.662
338,35.727,44.803,72.276,52.805,55.036,7.312,50.653,35.463,41.215,69.289,56.051,49.202,7.616,50.579
339,55.536,66.3285,65.827,52.594,51.487,6.768,17.5,49.672,64.673,66.992,65.663,65.926,8.581,20.798
340,37.229,45.393,71.619,57.735,59.704,7.312,50.653,36.191,39.25,68.532,58.005,54.546,7.616,50.579
341,40.73,48.782,78.625,60.375,63.598,7.312,50.653,37.739,44.599,77.401,60.261,73.734,7.616,50.579
342,55.536,66.3285,67.315,55.425,51.88,5.238,14.081,49.672,64.673,66.112,55.95,51.882,4.933,20.798
343,43.336,47.338,82.21,69.689,82.565,6.019,48.68,40.622,44.844,84.211,64.513,113.498,11.07,35.209
344,38.656,57.777,100.021,91.064,60.237,7.704,53.406,35.17,61.955,98.539,71.93,86.169,9.9285,27.963
345,44.821,66.3285,72.819,62.725,50.445,7.964,5.384,49.672,64.673,79.925,61.261,53.721,6.635,16.201
346,45.609,48.094,92.911,78.378,135.421,10.527,50.63,45.385,48.423,91.62,80.001,158.4,15.363,38.091
347,45.669,57.777,100.042,91.381,71.638,7.704,53.406,43.788,55.178,93.704,68.21,86.169,9.9285,27.963
348,44.66,66.3285,66.374,58.337,53.656,8.872,9.757,52.631,64.673,69.49,59.552,55.133,7.587,13.793
349,45.436,55.149,94.225,82.143,117.828,8.647,60.57,47.075,54.606,91.186,86.489,114.864,9.849,55.219
350,36.595,65.129,103.005,68.745,71.839,6.683,71.396,45.957,60.517,99.328,71.93,86.169,9.9285,27.963
351,38.469,66.3285,67.549,58.984,57.119,6.34,10.224,47.831,64.673,70.335,59.76,56.254,4.152,20.798
352,48.288,46.127,102.818,83.332,110.777,7.312,50.653,52.225,57.076,99.37,78.518,98.853,7.616,50.579
353,43.525,49.341,104.667,70.586,74.248,7.704,53.406,52.226,50.921,103.842,71.93,86.169,9.9285,27.963
354,55.536,66.3285,66.431,58.944,52.219,8.506,7.172,52.162,64.673,69.752,59.234,56.052,4.22,20.798
355,48.176,55.591,104.057,81.984,136.851,8.876,56.394,49.987,68.946,98.925,76.622,98.9,6.479,60.662
356,43.972,57.596,106.945,76.606,78.595,7.704,53.406,49.773,55.523,102.17,71.93,86.169,9.9285,27.963
357,46.771,66.3285,64.828,57.449,53.992,10.58,17.5,48.89,64.673,66.959,57.161,54.53,4.237,20.798
358,55.287,73.499,108.469,84.037,145.375,8.876,56.394,56.524,66.493,99.225,86.991,114.622,6.479,60.662
359,48.349,58.485,116.446,95.801,91.464,7.704,53.406,55.768,55.012,106.909,76.69,125.389,9.9285,27.963
360,34.492,66.3285,64.631,60.181,63.749,9.717,22.44,49.672,64.673,67.704,59.029,69.439,3.977,20.798
361,55.536,66.3285,59.32,66.716,65.805,10.053,17.5,30.06,43.846,55.423,65.663,65.926,8.581,20.798
362,63.91,58.408,126.878,79.787,140.684,8.876,56.394,65.794,73.923,120.574,94.054,107.134,6.479,60.662
363,24.73,26.582,47.757,36.819,34.818,5.119,5.233,23.237,42.891,44.925,36.063,35.425,5.288,6.253
364,55.536,66.3285,68.982,58.253,63.048,8.654,24.716,49.672,64.673,71.435,54.868,66.035,13.218,31.597
365,67.723,65.555,134.413,100.239,161.68,8.876,56.394,67.462,79.343,125.025,102.253,122.359,6.479,60.662
366,79.147,65.878,160.125,104.818,245.103,7.312,50.653,77.46,75.433,152.197,118.11,115.546,14.685,96.981
367,37.853,36.11,34.215,59.5715,61.863,7.52,14.581,19.923,11.12,35.789,59.126,60.991,5.7105,20.292
368,55.536,66.3285,68.861,58.016,56.909,9.184,17.5,47.787,64.673,69.678,56.286,58.146,5.943,20.798
369,80.333,69.342,163.824,121.032,102.284,8.876,56.394,80.145,79.974,146.497,113.542,162.518,6.479,60.662
370,86.739,70.437,166.403,124.261,288.685,7.312,50.653,78.259,90.29,155.775,128.505,158.155,11.203,111.573
371,29.583,18.881,52.105,37.322,35.457,5.091,6.643,24.085,31.809,53.872,32.569,33.974,4.39,8.526
372,55.536,66.3285,67.877,55.649,59.291,7.329,31.336,49.672,64.673,66.916,55.451,60.532,8.197,35.025
373,89.996,75.13,177.387,142.707,179.751,7.312,50.653,39.84,50.884,154.936,120.096,188.043,7.616,50.579
374,40.413,66.3285,68.829,56.908,57.501,6.46,17.5,35.47,64.673,67.224,57.932,59.706,5.151,20.798
375,55.536,66.3285,41.159,28.688,33.902,3.775,15.759,22.873,18.25,42.659,28.881,35.177,4.213,17.954
376,37.849,41.31,86.991,60.794,87.152,7.024,54.16,16.849,50.884,95.318,60.507,90.386,9.323,39.981
377,24.649,20.635,53.95,34.584,46.103,4.396,21.586,23.26,20.26,58.442,35.04,48.359,4.237,20.244
378,44.351,61.609,123.349,67.407,144.515,11.49,63.171,48.71,50.046,129.231,56.914,173.693,16.893,49.787
379,36.215,33.656,62.788,54.52,61.346,5.792,16.561,36.321,33.962,67.008,54.417,63.796,5.279,23.066
380,41.4205,33.656,68.518,48.563,68.687,4.235,16.561,40.443,33.962,68.366,54.572,65.456,8.42,23.066
381,41.4205,33.656,65.139,52.861,61.197,9.479,16.561,40.443,33.962,68.151,63.818,65.9105,8.42,23.066
382,41.4205,33.656,62.602,60.471,68.951,9.346,16.561,40.443,33.962,67.236,58.471,69.68,7.606,23.066
383,41.4205,33.656,67.046,56.047,58.135,10.746,24.713,40.443,33.962,69.954,55.606,59.742,6.578,23.066
384,15.163,15.824,23.016,33.205,27.805,3.048,11.79,12.463,18.935,21.928,59.126,60.991,5.7105,20.292
385,28.994,36.11,32.593,25.127,47.05,3.167,27.78,26.158,53.398,30.159,22.674,43.432,4.182,26.466
386,33.9,26.625,65.176,57.219,57.031,9.088,16.236,40.443,33.962,67.179,56.06,56.984,3.711,23.066
387,37.435,36.282,65.411,50.246,52.807,10.319,29.681,36.026,33.962,66.444,51.319,58,7.25,23.066
388,35.458,49.493,39.08,59.5715,61.863,7.52,14.581,35.454,51.284,37.781,59.126,60.991,5.7105,20.292
389,27.155,30.391,35.138,59.5715,61.863,7.52,14.581,27.115,35.887,33.713,59.126,60.991,5.7105,20.292
390,22.493,57.777,46.291,32.501,34.952,4.562,6.514,18.988,55.3505,48.324,71.93,86.169,5.284,27.963
391,19.829,20.994,35.614,31.389,35.524,4.307,17.5,17.304,19.614,35.472,30.686,34.457,5.217,20.798
392,35.205,41.701,39.911,59.5715,61.863,7.52,14.581,39.663,52.366,38.768,59.126,60.991,5.7105,20.292
393,42.061,62.625,48.809,35.66,86.646,7.109,34.091,40.588,61.69,45.561,32.646,91.034,7.616,50.579
394,41.138,60.153,55.62,37.806,96.939,7.759,39.061,37.715,69.543,47.224,34.343,85.271,7.454,35.31
395,45.628,60.178,56.006,37.289,80.958,7.312,50.653,40.799,65.93,47.868,35.746,67.537,7.616,50.579
396,48.923,61.997,52.704,38.787,80.011,7.312,50.653,44.594,74.172,48.505,37.462,69.729,7.616,50.579
397,47.316,33.656,65.871,56.337,54.575,7.748,16.561,40.443,33.962,69.757,53.295,55.613,9.095,23.066
398,44.675,62.177,66.618,35.337,97.877,7.312,50.653,52.177,75.804,65.033,37.408,78.58,6.122,47.997
399,41.4205,33.656,79.32,63.324,63.2575,9.479,16.561,40.443,33.962,74.8,63.818,65.9105,8.42,23.066
400,46.568,60.959,67.588,37.545,98.525,7.863,44.742,33.015,69.438,55.894,38.662,74.775,5.653,45.275
401,41.4205,33.656,70.14,56.566,59.235,9.838,45.001,32.55,33.962,71.531,57.412,61.222,8.42,23.066
402,39.334,70.524,54.71,43.316,92.541,7.312,50.653,45.4,77.782,54.078,43.325,73.915,5.488,48.431
403,41.4205,33.656,69.748,51.51,63.2575,9.479,16.561,40.443,33.962,66.526,63.818,65.9105,8.42,23.066
404,41.831,62.406,61.641,45.708,94.808,6.672,48.293,59.8,83.224,59.739,43.979,80.964,7.209,51.382
405,41.4205,33.656,70.931,57.928,57.907,7.008,16.561,40.443,33.962,68.498,58.34,65.9105,8.42,23.066
406,43.776,72.568,66.928,54.447,92.993,7.312,50.653,59.978,93.172,67.269,48.939,83.577,7.616,50.579
407,41.4205,33.656,72.216,58.824,54.619,6.403,22.539,40.443,33.962,70.365,57.402,55.865,5.967,28.007
408,41.667,57.604,74.728,55.324,93.188,6.367,47.631,56.379,84.403,76.239,47.097,105.972,7.616,50.579
409,59.132,71.451,72.285,57.459,115.825,10.262,50.846,66.233,91.664,72.158,49.998,118.782,10.79,46.257
410,41.926,33.656,72.119,61.14,56.849,7.368,8.757,33.183,33.962,73.503,63.68,57.303,9.065,14.709
411,66.113,89.257,78.813,55.264,123.327,7.312,50.653,77.657,96.134,78.583,55.564,104.889,7.616,50.579
412,47.732,33.656,71.685,58.693,54.254,11.466,9.417,53.827,33.962,74.789,62.52,57.253,7.492,11.794
413,70.689,85.45,87.707,61.21,138.872,11.575,58.944,80.349,106.294,87.391,62.032,123.018,11.144,59.884
414,41.4205,33.656,71.041,62.71,62.164,8.53,7.669,40.443,33.962,74.321,63.113,64.275,6.484,23.066
415,61.673,82.978,85.085,82.649,106.625,7.312,50.653,83.018,109.299,86.965,63.291,84.613,7.616,50.579
416,41.332,33.656,72.814,61.01,53.997,8.854,7.05,40.443,33.962,73.793,61.48,58.416,3.902,14.539
417,46.516,33.656,69.731,59.365,60.492,9.821,13.939,37.117,33.962,70.675,61.495,57.315,14.388,21.427
418,41.4205,33.656,75.453,55.98,76.44,7.81,45.735,40.443,33.962,71.061,57.893,74.876,7.371,48.163
419,83.223,59.596,116.876,91.046,155.587,11.25,92.355,111.192,160.936,118.877,87.514,114.284,6.274,100.741
420,41.4205,33.656,75.051,55.165,66.991,7.653,28.754,40.443,33.962,75.299,54.391,69.373,12.439,37.15
421,121.452,116.957,128.346,73.247,193.009,7.312,50.653,125.311,135.895,124.64,90.974,111.728,7.616,50.579
422,41.4205,33.656,76.138,59.502,62.254,5.405,17.043,40.443,33.962,75.357,58.238,63.513,4.309,24.21
423,41.4205,33.656,76.475,58.792,63.2575,9.479,16.561,40.443,33.962,78.418,63.818,65.9105,8.42,23.066
424,41.4205,33.656,71.983,58.678,63.2575,9.479,16.561,40.443,33.962,71.103,63.818,65.9105,8.42,23.066
425,10.985,11.718,20.451,18.686,25.753,2.187,12.799,14.732,18.179,21.028,16.042,22.804,2.087,12.351
426,39.32,33.656,74.532,62.886,70.09,6.676,16.561,39.818,33.962,78.519,63.956,69.344,5.73,26.594
427,40.785,33.433,74.687,63.622,66.861,11.134,17.602,41.754,33.962,79.716,64.268,66.793,6.621,23.066
428,16.584,42.207,29.929,41.237,36.505,5.694,59.4635,18.682,42.546,31.082,56.3355,78.584,7.5835,50.744
429,39.548,33.656,74.097,60.77,65.53,9.479,18.652,50.914,33.962,77.13,61.435,64.867,6.558,23.066
430,40.274,33.879,74.401,62.367,61.809,9.759,17.528,44.074,33.962,79.242,61.54,63.37,7.437,23.066
431,37.682,33.656,70.288,63.849,61.917,9.153,16.561,30.412,33.962,75.155,61.093,59.033,6.598,23.066
432,40.576,33.656,73.741,64.937,67.151,9.133,23.028,32.978,33.962,78.385,62.128,62.816,13.8,27.866
433,35.325,63.145,34.348,39.038,46.809,5.694,59.4635,19.017,26.968,37.239,34.665,43.135,7.5835,50.744
434,41.4205,33.656,77.467,62.251,87.083,14.917,45.141,40.443,33.962,80.201,64.75,86.02,8.941,52.242
435,37.047,36.824,77.98,65.944,63.537,9.407,18.313,35.663,64.673,78.933,64.544,63.055,5.847,25.797
436,18.758,35.262,50.041,78.847,80.368,5.694,59.4635,18.373,28.808,56.2,56.3355,78.584,7.5835,50.744
437,41.4205,33.656,78.703,63.026,69.34,9.792,35.825,40.443,33.962,80.393,61.518,70.335,8.73,43
438,55.536,66.3285,75.449,65.493,58.136,8.203,23.521,49.672,64.673,80.056,62.342,55.377,8.435,25.036
439,23.46,17.249,40.937,34.553,45.771,7.52,14.581,34.729,42.891,40.095,30.696,45.003,5.7105,20.292
440,28.68,51.744,56.577,37.663,65.26,3.647,40.896,24.584,61.358,51.846,47.354,65.956,4.91,40.385
441,23.697,32.33,31.942,38.545,44.714,3.979,23.07,20.185,34.085,31.294,41.103,42.363,4.331,24.38
442,30.254,27.734,54.676,40.49,67.31,2.187,12.799,27.367,26.189,59.594,34.56,64.696,2.087,12.351
443,55.536,66.3285,82.038,66.576,57.571,10.155,25.523,49.672,64.673,84.198,66.879,60.438,9.623,28.607
444,28.489,59.596,55.72,44.547,68.402,7.312,50.653,27.727,29.297,58.09,43.663,60.955,4.932,42.606
445,27.07,17.8715,53.309,44.119,67.18,2.187,12.799,26.865,29.409,54.289,39.56,63.953,2.087,12.351
446,55.536,66.3285,80.733,65.204,61.172,8.915,15.621,49.13,64.673,82.974,64.344,62.98,9.173,22.97
447,51.819,33.656,77.986,65.927,58.587,9.628,15.3,48.165,33.962,80.539,65.23,61.146,10.118,20.515
448,34.213,59.596,67.568,38.993,75.703,7.312,50.653,28.139,50.884,60.313,37.619,72.128,4.167,49.36
449,26.196,34.736,68.376,48.217,73.489,5.694,59.4635,26.034,34.903,69.407,47.762,69.452,7.5835,50.744
450,41.509,33.656,75.328,62.458,62.785,5.236,16.561,32.963,33.962,80.091,63.259,62.727,12.321,23.066
451,30.627,49.097,67.888,55.3795,92.194,7.312,50.653,39.84,50.884,62.27,55.723,84.613,7.616,50.579
452,29.287,30.663,61.661,42.66,94.039,5.694,59.4635,30.173,32.026,61.578,40.757,79.418,7.5835,50.744
453,41.4205,33.656,75.763,64.413,63.2575,9.479,16.561,40.443,33.962,75,65.819,65.9105,8.42,23.066
454,29.018,29.271,57.126,41.615,83.615,5.694,59.4635,24.513,49.302,54.673,41.681,67.171,7.5835,50.744
455,41.4205,33.656,72.951,66.554,64.355,9.508,16.561,40.443,33.962,77.672,65.83,69.052,6.737,23.066
456,43.553,78.044,76.341,47.049,75.149,4.513,58.547,37.715,47.88,75.013,48.126,77.75,7.608,53.482
457,35.253,66.441,74.692,50.044,61.972,5.375,57.788,44.526,45.01,70.976,51.375,68.884,7.559,51.132
458,37.177,64.899,74.972,53.497,55.667,6.727,60.38,47.536,41.972,71.755,55.306,74.249,5.971,48.204
459,43.329,79.351,82.081,57.095,71.781,6.013,61.355,47.886,45.817,79.027,57.365,85.761,7.174,50.356
460,41.4205,33.656,78.719,67.213,61.452,8.492,6.868,40.443,33.962,83.52,61.827,60.296,9.102,15.105
461,41.4205,33.656,78.179,65.16,60.725,7.122,12.69,40.443,33.962,79.779,63.377,58.633,11.506,17.881
462,55.536,66.3285,77.529,63.841,59.919,6.585,17.5,49.672,64.673,80.505,65.098,65.926,8.581,20.798
463,55.536,66.3285,78.018,67.136,62.372,6.84,16.756,49.672,64.673,79.962,61.691,66.18,8.581,20.798
464,40.566,42.207,80.759,72.919,80.368,5.694,59.4635,42.727,41.772,76.916,63.329,96.137,10.657,44.054
465,55.22,96.65,103.555,68.658,102.83,8.571,72.067,57.429,60.508,90.023,78.616,96.356,10.735,75.486
466,41.972,39.015,81.863,69.05,84.701,5.694,59.4635,46.926,41.423,75.096,70.694,82.262,7.5835,50.744
467,61.508,108.476,122.533,72.081,108.724,10.431,72.912,60.617,65.332,105.069,85.814,92.05,9.38,84.759
468,48.98,38.324,84.229,75.057,85.109,5.694,59.4635,33.944,41.872,85.76,69.25,75.755,7.5835,50.744
469,68.138,126.944,133.745,90.663,140.471,11.973,73.71,66.291,68.452,112.19,90.91,89.817,7.455,95.68
470,55.536,66.3285,76.718,65.604,59.998,11.655,12.126,49.672,64.673,82.442,67.572,64.611,8.06,16.056
471,51.114,36.16,90.684,70,96.861,5.694,59.4635,33.944,41.872,86.107,67.598,80.013,7.5835,50.744
472,55.536,66.3285,77.428,69.249,53.537,12.667,9.718,49.672,64.673,82.004,70.323,60.406,8.364,20.798
473,55.515,48.882,125.011,85.031,175.439,5.694,59.4635,33.944,41.872,98.836,73.507,148.047,7.5835,50.744
474,55.536,66.3285,79.432,69.239,56.83,12.773,11.458,49.672,64.673,82.625,67.272,64.293,8.878,20.798
475,62.715,50.5,132.473,88.576,176.149,5.694,59.4635,33.944,41.872,108.249,77.755,112.601,12.919,51.141
476,55.536,66.3285,78.947,64.066,60.561,10.423,9.291,49.672,64.673,84.554,66.153,63.98,7.831,15.36
477,55.536,66.3285,80.655,66.716,65.805,10.053,17.5,49.672,64.673,89.764,65.663,65.926,8.581,20.798
478,41.4205,33.656,76.465,71.124,64.389,9.565,13.526,40.443,33.962,83.053,65.692,63.754,5.357,23.066
479,41.4205,33.656,77.182,65.907,58.807,7.475,16.561,31.096,33.962,83.435,64.301,58.497,8.11,14.011
480,41.4205,33.656,71.313,62.181,63.2575,9.479,16.561,40.443,33.962,75.959,61.833,54.216,8.42,23.066
481,41.4205,33.656,76.603,63.324,63.2575,9.479,16.561,40.443,33.962,78.906,63.818,65.9105,8.42,23.066
482,41.4205,33.656,76.37,67.326,63.2575,9.479,16.561,40.443,33.962,80.053,63.818,65.9105,8.42,23.066
483,41.4205,33.656,73.96,60.986,61.075,8.059,11.514,40.443,33.962,78.788,63.818,65.9105,8.42,23.066
484,41.4205,33.656,81.356,61.718,83.815,9.479,16.561,40.443,33.962,81.399,64.68,80.744,8.42,23.066
485,41.4205,33.656,83.326,73.466,62.543,13.863,13.825,40.443,33.962,86.211,71.474,70.213,6.426,23.066
486,41.4205,33.656,84.29,71.13,59.827,11.883,16.561,40.443,33.962,85.25,71.362,68.63,6.738,23.066
487,41.4205,33.656,87.379,70.41,60.664,15.435,16.561,40.443,33.962,86.847,70.406,66.365,9.325,23.066
488,41.4205,33.656,81.693,67.892,62.42,7.136,16.561,40.443,33.962,87.16,63.987,70.469,4.276,23.066
489,41.4205,33.656,83.674,74.199,60.056,8.84,7.028,40.443,33.962,89.203,67.244,62.006,9.903,12.179
490,55.536,66.3285,76.989,66.716,64.825,9.305,17.5,49.672,64.673,80.134,68.808,65.926,8.581,20.798
491,49.826,66.3285,92.417,69.933,71.641,11.547,12.727,49.672,64.673,85.774,69.458,68.97,11.13,20.798
492,55.536,66.3285,88.779,72.619,68.971,13.534,19.784,49.672,64.673,93.216,76.085,68.815,10.727,20.798
493,41.4205,33.656,90.056,73.604,72.27,6.963,8.092,40.443,33.962,94.247,76.952,69.129,4.838,23.066
494,41.4205,33.656,84.862,72.086,63.73,12.01,16.561,65.594,33.962,85.43,63.818,65.9105,8.42,23.066
495,41.4205,33.656,82.31,65.919,71.66,9.479,16.561,40.443,33.962,84.161,63.818,65.9105,8.42,23.066
496,49.264,33.656,84.178,69.435,71.602,10.205,19.497,40.443,33.962,89.283,68.115,77.248,10.588,31.396
497,41.4205,33.656,89.406,63.324,63.2575,9.479,16.561,40.443,33.962,86.527,63.818,65.9105,8.42,23.066
498,41.4205,33.656,86.408,63.324,63.2575,9.479,16.561,40.443,33.962,85.8,65.132,72.49,8.42,23.066
499,11.486,16.894,35.918,23.308,38.415,4.72,37.153,15.252,37.486,32.876,20.774,34.322,4.464,35.112
500,55.536,66.3285,84.404,65.247,65.805,10.053,17.5,49.672,64.673,84.399,65.663,65.926,8.581,20.798
501,16.432,16.572,29.866,22.337,33.538,4.72,37.153,14.117,29.369,30.942,20.918,32.474,3.056,24.393
502,55.536,66.3285,89.976,74.511,69.31,13.363,3.146,49.672,64.673,91.461,75.53,76.682,8.497,20.798
503,55.536,66.3285,91.759,77.878,74.555,12.343,17.5,63.904,64.673,91.073,76.137,77.655,13.28,20.798
504,28.761,36.529,59.376,30.714,46.564,8.585,38.815,27.87,27.05,60.522,30.457,47.526,8.132,39.196
505,55.536,66.3285,88.204,66.716,65.805,10.053,17.5,49.672,64.673,88.179,65.663,65.926,8.581,20.798
506,55.536,66.3285,92.188,66.716,65.805,10.053,17.5,49.672,64.673,100.339,65.663,65.926,8.581,20.798
507,26.961,36.529,64.719,32.484,64.932,5.323,35.977,27.549,29.276,63.174,33.415,66.404,5.478,39.196
508,55.536,66.3285,87.694,66.716,65.805,10.053,17.5,49.672,64.673,93.493,65.663,65.926,8.581,20.798
509,17.363,46.158,48.516,28.71,64.773,4.679,35.816,21.764,42.1,51.014,29.907,57.264,4.394,37.597
510,27.377,45.162,71.656,34.535,78.378,9.12,52.098,29.887,36.663,73.375,33.326,77.883,6.858,46.374
511,30.198,41.12,77.787,39.107,82.904,6.231,34.014,32.858,31.982,70.495,40.273,75.226,6.086,38.096
512,19.912,43.985,49.355,30.567,58.69,4.661,33.624,21.028,41.706,48.585,30.99,53.174,4.3,35.112
513,33.494,32.227,75.868,43.921,72.528,5.854,37.634,29.642,36.043,81.672,43.418,74.484,6.609,38.66
514,19.692,38.775,48.321,31.563,43.521,4.001,35.399,20.764,37.486,51.976,31.853,41.74,4.759,33.502
515,37.011,30.193,75.366,45.662,84.703,8.585,38.815,32.1,36.864,77.293,44.527,80.495,8.132,38.405
516,55.536,66.3285,89.769,78.429,76.591,10.304,23.38,49.672,64.673,94.801,81.004,79.807,8.882,31.956
517,20.967,43.437,51.701,34.411,49.116,5.259,33.242,22.37,36.067,53.225,32.747,46.471,4.464,33.145
518,37.716,34.192,81.313,45.94,85.705,8.585,38.815,33.919,33.822,80.572,44.355,76.974,8.132,39.196
519,48.708,66.3285,88.164,83.082,75.066,13.258,16.342,56.868,64.673,96.225,77.654,76.156,9.511,27.714
520,21.237,45.391,52.598,34.925,58.888,4.438,38.577,22.3,33.483,54.191,32.096,56.735,4.33,35.257
521,44.394,35.504,82.791,75.551,77.484,10.175,19.214,40.523,64.673,87.397,76.159,77.836,10.954,30.507
522,45.798,36.297,89.118,45.933,102.73,9.829,38.815,36.462,36.506,85.521,50.631,88.547,8.983,46.623
523,55.837,66.3285,81.086,81.12,65.251,9.931,14.606,55.64,64.673,90.081,75.82,67.035,4.012,20.798
524,25.356,50.608,53.616,41.098,70.438,5.061,39.793,26.18,50.472,52.161,37.197,68.281,5.689,38.339
525,46.203,46.981,100.419,52.262,84.046,7.598,42.449,39.975,40.561,94.927,50.896,69.293,8.132,39.196
526,27.17,49.223,62.417,37.23,66.414,4.761,42.391,29.044,48.102,61.887,34.348,60.845,5.61,39.275
527,49.757,47.173,111.625,60.202,104.455,9.572,38.815,41.027,45.344,107.887,55.767,93.258,8.132,39.196
528,41.4205,33.656,89.619,77.025,85.046,8.96,18.461,68.846,33.962,97.763,73.951,80.49,14.336,25.379
529,28.698,51.885,59.909,36.724,74.638,4.995,38.49,30.299,48.242,54.08,39.5,55.376,4.464,35.112
530,47.066,66.3285,88.558,77.902,74.715,8.567,17.5,49.672,64.673,96.429,74.861,78.462,5.563,20.798
531,49.325,33.656,91.703,78.518,77.799,7.744,13.241,47.612,33.962,99.269,72.878,76.342,9.858,25.267
532,26.653,28.475,56.613,37.741,41.635,4.72,37.153,27.832,24.391,55.184,38.359,40.579,5.021,33.262
533,58.975,44.354,118.004,63.044,95.027,7.805,49.956,54.085,45.157,115.208,61.254,77.845,7.677,63.439
534,29.638,48.458,59.779,41.896,56.257,4.72,37.153,30.136,34,56.946,40.649,54.28,4.464,35.112
535,59.568,64.499,128.885,67.169,101.954,13.193,67.275,55.539,57.724,117.206,76.988,88.017,7.2675,54.9065
536,60.434,60.883,138.019,73.18,116.69,13.585,76.712,56.189,60.396,126.449,73.977,111.929,9.674,88.548
537,66.42,51.815,128.886,76.235,98.277,10.435,54.24,61.05,53.095,118.311,76.002,79.373,10.547,66.446
538,55.536,66.3285,92.835,78.669,83.82,11.179,12.066,49.672,64.673,97.363,80.393,83.327,9.533,23.35
539,55.536,66.3285,92.889,81.82,82.557,7.915,17.61,68.401,64.673,94.988,82.261,81.787,11.258,20.798
540,94.956,87.403,290.282,45.933,84.703,8.585,38.815,33.919,36.506,266.722,44.527,76.974,8.132,39.196
541,55.536,66.3285,89.542,80.13,83.982,10.173,17.593,49.672,64.673,91.578,82.109,81.788,7.905,30.466
542,55.536,66.3285,102.446,76.298,87.671,7.619,44.686,49.672,64.673,104.29,77.24,92.089,9.445,49.76
543,55.536,66.3285,102.933,86.95,87.818,12.819,10.008,49.672,64.673,98.523,85.534,85.829,11.99,20.798
544,52.754,66.3285,99.983,87.182,79.368,11.992,8.32,49.672,64.673,98.263,80.201,81.845,9.7,17.985
545,41.4205,33.656,95.906,92.833,90.145,12.393,16.561,40.443,33.962,101.05,63.818,65.9105,8.42,23.066
546,58.525,33.656,100.137,80.055,74.339,13.988,4.816,40.443,33.962,103.024,80.374,80.381,9.382,17.829
547,41.4205,33.656,98,89.163,75.643,13.937,16.561,40.443,33.962,104.779,89.526,77.964,13.83,23.066
548,41.4205,33.656,104.438,97.704,88.577,14.129,16.561,40.443,33.962,101.975,90.75,96.012,9.67,23.066
549,41.4205,33.656,102.753,95.618,82.045,14.382,9.909,40.443,33.962,101.659,86.96,84.865,12.472,23.066
550,41.4205,33.656,98.491,83.792,80.197,12.149,11.755,53.119,33.962,101.397,80,84.9,8.42,23.066
551,32.286,34.1605,43.304,49.093,52.752,6.71,12.115,25.634,21.108,43.489,32.204,51.407,7.527,14.631
552,32.286,34.1605,49.968,37.787,49.254,5.497,16.907,28.365,26.154,50.458,37.426,49.299,5.491,14.631
553,28.487,30.105,46.251,43.554,52.752,6.71,12.115,31.233,32.346,47.588,49.837,51.407,7.527,14.631
554,41.4205,33.656,98.406,95.065,86.813,12.306,16.669,40.443,33.962,106.082,86.235,91.776,11.227,23.005
555,41.4205,33.656,115.462,96.661,90.537,14.089,18.936,40.443,33.962,113.363,89.023,86.427,12.691,23.066
556,60.666,33.656,102.521,87.282,85.09,14.005,21.403,77.312,33.962,105.464,81.176,86.416,10.302,23.066
557,41.4205,33.656,104.54,63.324,63.2575,9.479,16.561,40.443,33.962,106.036,63.818,65.9105,8.42,23.066
558,41.4205,33.656,115.617,63.324,63.2575,9.479,16.561,40.443,33.962,110.919,63.818,65.9105,8.42,23.066
559,55.536,66.3285,94.736,66.716,65.805,10.053,17.5,49.672,64.673,96.614,65.663,65.926,8.581,20.798
560,41.4205,33.656,104.967,63.324,63.2575,9.479,16.561,40.443,33.962,103.387,63.818,65.9105,8.42,23.066
561,31.906,34.1605,66.898,55.379,55.989,5.594,12.115,37.775,32.346,64.445,49.837,51.407,7.527,14.631
562,58.691,66.3285,105.131,83.547,95.336,12.773,25.036,49.672,64.673,107.133,65.663,65.926,8.581,20.798
563,12.379,11.85,20.914,10.186,19.917,2.399,37.217,12.762,31.4085,21.114,16.941,18.622,5.46,43.345
564,31.122,38.206,53.578,41.247,46.998,6.148,12.027,29.906,32.275,53.495,46.286,46.277,6.523,14.631
565,58.551,66.3285,107.962,83.708,81.449,15.896,30.865,49.672,64.673,107.629,88.791,84.448,10.471,20.798
566,32.004,30.734,57.232,45.209,40.502,6.032,10.493,30.608,32.346,54.606,48.885,42.565,4.062,12.226
567,58.314,66.3285,99.46,80.764,76.18,13.416,16.073,80.811,64.673,104.856,81.112,84.608,9.98,20.798
568,14.19,32.362,37.014,29.169,60.126,3.565,37.217,15.937,31.4085,37.169,26.69,53.498,5.46,43.345
569,53.813,66.3285,102.984,81.018,84.861,13.872,17.5,49.672,64.673,107.75,81.063,83.477,11.336,20.798
570,54.394,66.3285,98.895,78.879,87.36,14.059,21.383,49.672,64.673,98.662,78.188,78.755,8.581,20.798
571,16.254,18.139,33.134,41.983,60.126,3.565,37.217,27.282,31.4085,30.899,39.977,53.498,5.46,43.345
572,62.886,66.3285,100.962,82.542,91.632,10.811,19.709,49.672,64.673,111.502,82.612,82.371,14.272,14.996
573,30.484,32.035,55.765,44.992,46.567,5.352,12.203,30.729,32.346,54.82,47.64,44.497,7.76,13.059
574,55.536,66.3285,101.578,84.511,79.319,14.065,17.609,49.672,64.673,107.969,65.663,65.926,8.581,20.798
575,18.558,24.156,46.286,41.983,60.126,3.565,37.217,17.867,21.657,47.587,39.977,53.498,5.46,43.345
576,30.971,34.647,59.963,50.262,51.662,6.71,16.523,31.555,38.108,57.656,49.321,47.662,8.089,15.911
577,72.656,66.3285,109.624,91.561,80.16,15.174,17.5,49.672,64.673,114.047,65.663,65.926,8.581,20.798
578,17.609,28.642,48.157,41.983,60.126,3.565,37.217,21.008,20.712,51.624,39.977,53.498,5.46,43.345
579,30.383,39.688,56.982,49.616,52.227,3.793,12.622,31.638,37.027,56.433,49.562,51.712,7.04,15.119
580,55.536,66.3285,111.834,101.501,84.673,13.28,6.894,49.672,64.673,117.009,85.531,89.99,13.855,20.798
581,17.896,27.765,40.982,34.032,60.126,3.565,37.217,18.844,31.597,41.747,25.933,53.498,5.46,43.345
582,32.701,33.333,61.393,47.941,50.648,7.375,13.8,32.835,32.346,58.654,53.207,48.49,6.949,12.792
583,55.536,66.3285,110.656,91.312,84.154,14.556,17.5,49.672,64.673,112.248,65.663,65.926,8.581,20.798
584,21.131,28.642,38.015,30.599,60.126,3.565,37.217,19.638,25.143,37.202,39.977,53.498,5.46,43.345
585,30.907,28.842,58.826,44.627,47.078,6.407,19.288,30.852,27.755,56.706,47.396,45.627,7.861,18.224
586,59.336,66.3285,105.011,86.798,85.268,15.779,28.676,49.672,64.673,109.26,78.726,65.926,8.581,20.798
587,20.959,22.593,40.321,32.289,32.946,3.565,37.217,20.305,29.558,39.982,29.615,31.988,5.46,43.345
588,30.425,34.293,55.965,49.807,59.694,7.056,12.115,30.353,30.394,55.748,53.105,56.004,8.022,14.631
589,58.058,66.3285,103.889,89.658,90.671,19.207,30.339,49.672,64.673,107.55,65.663,65.926,8.581,20.798
590,23.74,28.642,45.352,41.983,60.126,3.565,37.217,38.625,31.4085,43.925,39.977,53.498,5.46,43.345
591,34.324,34.1605,56.628,51.355,52.752,6.969,12.524,30.606,31.665,59.506,53.118,52.348,6.396,11.357
592,55.76,66.3285,106.3,90.273,82.284,11.781,14.064,49.672,64.673,106.837,65.663,65.926,8.581,20.798
593,26.824,26.744,53.467,39.319,59.077,3.565,37.217,21.881,33.333,52.671,33.243,72.593,5.46,43.345
594,33.573,37.735,58.377,48.881,55.297,7.133,16.207,30.019,34.458,62.343,49.837,53.007,5.799,14.362
595,23.718,28.642,47.141,59.482,48.567,3.565,37.217,26.705,50.641,46.276,33.74,53.498,5.46,43.345
596,30.834,40.767,57.586,47.376,51.575,7.233,15.327,29.175,32.547,58.161,48.504,51.612,7.527,15.764
597,59.282,66.3285,108.729,87.704,85.471,14.264,26.96,49.672,64.673,112.915,86.538,86.279,11.43,20.798
598,28.577,24.928,59.568,41.983,47.966,3.565,37.217,24.527,28.425,58.092,39.171,44.658,4.205,31.291
599,29.356,34.366,58.619,43.906,55.299,5.604,16.242,29.814,33.321,62.312,49.452,54.365,7.395,18.393
600,56.507,66.3285,97.673,79.66,78.813,10.5,17.5,49.672,64.673,104.424,79.002,85.555,12.895,20.798
601,28.926,27.059,53.901,42.093,55.569,3.565,37.217,27.282,36.829,57.253,40.783,50.579,5.46,43.345
602,30.783,33.966,56.551,46.044,40.23,6.267,19.207,29.671,30.861,57.759,48.539,41.747,6.766,17.248
603,55.536,66.3285,100.62,78.81,75.188,15.41,17.5,49.672,64.673,104.784,84.976,79.118,19.693,20.798
604,32.5,31.492,69.479,41.2,57.969,3.565,37.217,28.645,41.441,69.095,42.197,53.706,5.24,43.345
605,30.848,34.028,59.965,50.148,45.755,7.403,9.093,28.943,32.417,59.764,52.563,45.449,5.813,14.628
606,54.575,66.3285,103.305,81.798,86.351,14.486,14.506,49.672,64.673,101.71,83.877,80.639,12.668,20.798
607,34.159,28.601,64.915,43.438,61.175,3.565,37.217,31.23,26.014,64.203,44.868,53.055,5.46,43.345
608,73.424,66.3285,99.153,87.99,77.163,14.111,26.264,78.32,64.673,104.068,81.64,81.969,14.498,20.798
609,36.951,30.015,62.633,62.11,70.633,4.731,37.217,31.743,31.22,63.29,52.743,53.29,5.46,41.973
610,57.513,66.3285,97.816,85.099,86.915,18.059,29.903,49.672,64.673,102.316,82.065,89.152,13.403,30.301
611,39.745,34.562,74.13,49.773,78.788,3.565,37.217,33.451,31.082,75.384,51.957,55.965,6.502,44.287
612,57.953,66.3285,100.374,86.162,90.935,7.903,26.667,71.089,64.673,104.443,81.874,88.249,13.932,26.288
613,38.32,39.365,67.301,99.172,63.299,3.565,37.217,33.739,33.3,75.16,54.592,63.158,8.091,49.72
614,32.954,34.1605,56.726,45.268,49.561,5.984,13.14,31.479,32.346,57.263,48.195,48.701,7.637,16.045
615,55.536,66.3285,110.514,66.716,65.805,10.053,17.5,49.672,64.673,108.687,65.663,65.926,8.581,20.798
616,44.021,41.675,93.213,59.615,64.788,3.565,37.217,37.016,50.183,101.222,58.849,63.563,5.46,43.345
617,31.709,36.197,58.495,48.072,48.572,7.582,11.99,32.028,41.564,58.803,49.168,46.887,7.621,14.631
618,44.557,39.33,78.486,59.933,64.334,3.565,37.217,39.118,42.63,86.052,39.977,53.498,5.46,43.345
619,33.606,39.412,62.858,49.305,55.186,4.395,12.02,33.817,40.371,61.498,52.817,51.105,7.898,15.007
620,55.536,66.3285,96.757,82.243,74.253,10.216,17.5,49.672,64.673,102.399,65.663,65.926,8.581,20.798
621,55.536,66.3285,101.253,83.553,77.01,14.798,26.226,49.672,64.673,104.735,65.663,65.926,8.581,20.798
622,32.238,27.912,60.86,48.458,56.874,6.057,12.115,30.987,30.453,60.216,49.204,57.546,6.323,14.631
623,32.286,35.29,66.992,56.516,61.391,11.565,10.08,34.846,42.267,63.893,62.17,61.14,9.27,12.236
624,68.659,85.08,203.504,115.91,178.902,3.565,37.217,68.412,31.4085,182.932,122.939,147.731,5.46,43.345
625,55.536,66.3285,110.157,98.396,89.21,14.356,17.5,49.672,64.673,110.68,91.336,94.797,12.292,20.798
626,32.498,33.539,68.275,53.159,54.213,6.404,12.937,32.077,30.104,67.898,52.449,53.592,7.798,16.259
627,53.637,66.3285,102.153,87.046,89.419,11.078,26.034,59.463,64.673,107.504,82.508,94.846,13.946,20.798
628,32.088,33.856,67.438,51.336,53.05,9.997,9.676,32.6,34.723,64.755,51.925,48.593,7.097,16.654
629,54.83,66.3285,96.081,83.985,85.614,9.132,27.284,53.446,64.673,104.945,85.359,79.966,14.039,20.798
630,55.536,66.3285,86.058,66.716,65.805,10.053,17.5,49.672,64.673,95.586,65.663,65.926,8.581,20.798
631,33.025,32.282,56.007,43.892,52.752,6.71,12.115,33.313,26.03,57.81,49.837,51.407,7.527,14.631
632,37.966,34.1605,59.119,47.119,45.437,2.943,12.115,33.167,32.346,57.601,45.982,46.964,7.527,14.631
633,63.056,66.3285,110.823,94.556,80.859,13.282,17.5,49.672,64.673,112.016,65.663,65.926,8.581,20.798
634,33.223,40.798,59.777,51.704,60.218,4.841,10.563,35.849,32.346,60.294,52.753,59.15,8.312,14.631
635,55.536,66.3285,110.027,78.21,85.642,9.519,31.114,49.672,64.673,112.095,83.211,89.444,13.118,37.285
636,33.828,34.1605,54.62,46.513,52.752,6.71,12.115,31.233,32.346,54.81,49.837,51.407,7.527,14.631
637,55.536,66.3285,112.739,82.075,84.914,14.686,32.76,49.672,64.673,108.371,79.902,84.866,14.686,35.462
638,79.016,66.3285,103.125,87.022,83.685,12.837,23.755,49.672,64.673,108.732,83.393,84.84,15.097,20.798
639,87.004,66.3285,110.157,90.204,89.63,9.118,31.003,49.672,64.673,117.5,90.522,88.642,15.468,20.798
640,55.536,66.3285,109.784,83.483,90.184,12.622,33.978,49.672,64.673,112.182,65.663,65.926,8.581,20.798
641,70.014,66.3285,107.927,93.263,93.657,15.386,17.5,49.672,64.673,98.907,65.663,65.926,8.581,20.798
642,75.311,66.3285,111.376,92.523,74.132,12.331,30.545,49.672,64.673,107.056,65.663,65.926,8.581,20.798
643,37.636,37.024,66.89,58.045,53.843,9.31,9.269,31.233,32.346,66.098,53.972,53.31,6.93,14.631
644,34.748,31.757,61.355,51.343,55.073,8.296,12.115,19.682,32.346,62.606,52.175,51.202,3.471,14.631
645,35.516,32.748,55.482,30.194,60.126,3.565,37.217,27.282,31.4085,46.046,39.977,53.498,5.46,43.345
646,16.407,55.377,37.524,24.799,30.116,3.483,6.896,78,48.956,35.244,15.781,25.528,3.716,9.48
647,21.352,55.377,36.647,50.042,38.233,4.579,22.066,78,48.956,40.073,39.287,30.447,4.079,21.931
648,28.62,27.587,45.462,41.705,37.845,4.259,25.089,78,48.956,50.943,31.258,32.099,3.564,21.867
649,36.624,55.377,53.628,41.661,75.947,14.362,23.628,38.355,78.786,50.243,38.608,83.772,12.1595,22.4065
650,55.536,66.3285,111.544,66.716,65.805,10.053,17.5,49.672,64.673,108.253,65.663,65.926,8.581,20.798
651,28.513,55.377,70.395,87.237,85.181,14.362,23.628,31.171,53.345,75.425,82.303,83.772,12.1595,22.4065
652,30.659,55.377,69.547,45.661,69.226,14.362,23.628,30.983,44.142,65.93,42.255,69.4,12.1595,22.4065
653,60.266,66.3285,106.568,89.073,82.719,9.768,17.5,49.672,64.673,100.866,65.663,65.926,8.581,20.798
654,43.81,70.513,82.531,45.009,85.181,14.362,23.628,35.613,44.567,79.783,46.807,78.192,12.1595,22.4065
655,25.932,35.515,37.374,61.123,49.021,5.291,30.719,31.911,40.363,40.889,60.585,48.807,5.255,37.865
656,63.639,48.679,116.73,85.432,97.319,11.996,23.498,49.672,64.673,113.197,95.874,92.168,11.209,35.043
657,64.707,72.526,114.335,92.106,99.279,14.522,28.484,49.672,64.673,115.386,93.254,93.81,16.255,20.798
658,55.536,66.3285,112.171,92.004,80.907,16.604,17.5,49.672,64.673,112.218,89.969,87.254,14.444,20.798
659,36.47,37.105,56.876,107.099,84.802,8.446,28.755,31.911,40.363,54.486,66.904,67.351,7.163,36.761
660,73.801,66.3285,115.195,89.686,87.191,13.759,17.5,49.672,64.673,119.187,91.644,90.64,15.481,20.798
661,36.618,36.31,59.186,121.083,72.894,5.389,34.48,31.911,40.363,62.971,44.829,56.309,6.812,38.969
662,60.824,66.3285,104.434,95.164,90.157,13.005,17.5,49.672,64.673,105.83,88.187,86.931,14.063,20.798
663,85.24,66.3285,106.493,96.465,88.557,13.204,17.5,49.672,64.673,106.668,100.354,65.926,8.581,20.798
664,85.326,66.3285,115.566,96.497,90.715,14.994,17.5,49.672,64.673,120.473,94.489,83.432,20.766,20.798
665,55.536,66.3285,116.781,66.716,65.805,10.053,17.5,49.672,64.673,110.083,65.663,65.926,8.581,20.798
666,29.248,28.642,57.522,38.339,60.126,3.565,37.217,27.983,31.4085,58.725,34.607,53.498,5.46,43.345
667,50.764,34.1605,69.833,59.64,59.654,9.934,11.54,47.996,32.346,70.03,71.584,62.118,10.137,10.67
668,56.22,34.1605,75.672,49.877,50.595,9.569,4.424,31.233,32.346,72.883,64.88,57.256,9.969,10.996
669,39.168,34.1605,76.181,60.199,61.578,11.087,10.916,41.79,32.346,79.505,72.462,64.158,11.128,14.631
670,42.039,34.1605,80.946,64.83,69.867,13.006,7.187,31.233,32.346,76.433,61.822,65.254,10.073,13.906
672,91.625,66.3285,117.355,96.771,93.381,19.935,33.342,108.406,64.673,125.565,98.645,100.427,12.18,20.798
674,55.536,66.3285,116.085,96.776,84.624,16.431,17.5,49.672,64.673,126.157,100.437,95.117,7.35,20.798
676,87.953,66.3285,114.444,98.065,78.039,22.519,17.5,96.393,64.673,117.115,96.869,92.081,15.784,20.798
678,86.232,66.3285,110.617,99.47,83.724,16.618,22.609,95.4,64.673,113.971,92.46,97.566,8.69,23.821
681,55.536,66.3285,124.157,99.501,80.436,13.698,17.318,49.672,64.673,124.16,65.663,65.926,8.581,20.798
682,55.536,66.3285,123.268,101.52,84.921,15.2,5.356,49.672,64.673,121.607,94.716,90.828,12.9,20.798
683,60.301,55.377,119.261,90.006,94.721,13.066,10.86,78,48.956,117.697,82.303,83.772,12.1595,22.4065
684,60.301,55.377,120.088,90.6,90.853,11.234,30.437,78,48.956,121.364,89.762,87.389,13.189,28.725
685,70.909,55.377,119.005,93.019,91.745,12.029,16.337,91.419,48.956,119.688,98.826,91.139,12.147,21.433
686,69.625,55.377,115.493,94.648,95.089,12.818,23.628,93.056,48.956,120.625,94.11,90.989,17.978,22.4065
687,67.072,55.377,112.677,99.212,91.037,18.352,23.628,82.109,48.956,114.957,99.158,93.698,16.422,22.4065
688,60.301,55.377,113.289,102.286,86.632,12.429,23.628,73.553,48.956,116.071,99.759,94.158,11.107,22.4065
689,68.462,55.377,108.986,97.108,84.808,18.696,27.713,77.88,48.956,112.746,92.929,94.059,9.997,22.4065
690,62.084,55.377,110.889,101.148,87.451,18.959,26.347,82.053,48.956,117.287,91.928,93.461,15.576,22.4065
691,18.016,30.741,23.527,24.84,39.147,7.639,61.309,19.968,39.583,24.473,17.545,41.22,3.843,21.624
692,60.301,55.377,116.859,101.944,90.264,14.222,23.628,78,48.956,115.868,82.303,83.772,12.1595,22.4065
693,60.301,55.377,120.054,92.35,85.181,14.362,23.628,78,48.956,118.507,82.303,83.772,12.1595,22.4065
695,60.301,55.377,114.701,99.578,92.265,19.533,23.628,78,48.956,118.315,97.937,99.979,10.994,22.4065
696,60.301,55.377,114.23,98.524,85.181,16.435,23.628,99.497,48.956,117.017,96.874,92.041,12.485,22.4065
698,60.301,55.377,114.667,97.133,86.118,19.23,23.628,78,48.956,117.136,92.533,93.63,13.575,22.4065
700,82.748,55.377,110.617,104.079,87.932,17.913,23.628,91.961,48.956,115.923,96.779,89.704,11.014,22.4065
701,77.855,55.377,114.902,106.706,97.999,18.307,24.433,101.471,48.956,121.542,97.079,94.21,20.102,22.882
702,73.587,55.377,113.644,97.888,94.716,17.298,20.978,90.842,48.956,119.167,91.213,93.717,20.064,26.891
703,19.584,35.0995,36.32,25.164,36.348,7.639,61.309,19.77,18.186,38.478,25.803,33.2,9.345,53.526
704,65.026,66.3285,117.657,84.425,104.121,17.448,17.5,49.672,64.673,120.912,65.663,65.926,8.581,20.798
705,60.301,55.377,117.048,86.565,104.924,18.869,23.628,78,48.956,119.967,82.303,83.772,12.1595,22.4065
706,21.662,32.404,44.613,34.242,62.685,7.639,61.309,33.215,58.474,45.52,33.28,58.256,9.345,53.526
707,89.717,66.3285,121.911,89.726,88.34,15.156,17.5,49.672,64.673,123.317,65.663,65.926,8.581,20.798
708,78.229,66.3285,118.422,101.728,86.712,13.613,9.757,49.672,64.673,120.452,91.619,65.926,8.581,20.798
709,55.536,66.3285,119.399,94.544,76.968,24.963,9.539,84.876,64.673,118.82,95.195,97.516,8.581,20.798
711,89.051,66.3285,118.175,87.665,95.955,16.983,27.781,90.586,64.673,114.981,91.759,105.462,12.577,12.785
712,26.038,21.362,57.288,45.597,58.686,4.842,38.422,53.072,63.284,54.747,41.936,56.962,6.252,36.076
713,31.403,31.911,72.093,42.924,68.64,4.975,42.294,33.585,36.421,64.207,48.831,65.508,7.185,41.894
714,28.562,25.434,57.615,57.654,72.358,7.639,61.309,52.463,60.781,55.08,45.159,61.592,6.379,34.228
715,32.36,30.96,72.646,45.673,57.874,8.554,57.492,34.136,33.515,63.116,46.739,54.199,8.096,43.821
716,33.771,42.682,87.826,45.091,105.096,7.456,54.149,36.779,42.489,74.52,48.335,84.472,6.917,55.475
717,41.432,31.284,90.153,47.904,111.824,8.554,57.492,42.56,35.724,79.719,53.992,76.979,8.336,49.102
718,39.523,41.843,89.08,50.34,106.567,8.554,48.784,47.337,37.81,77.558,54.872,84.433,7.881,55.407
719,36.445,37.795,73.566,57.351,68.945,7.639,58.268,61.936,107.953,73.57,54.347,64.71,9.345,53.526
720,37.826,41.344,77.058,57.872,58.874,8.402,46.738,41.336,39.349,72.6,59.262,57.008,8.04,42.945
721,38.227,43.028,73.611,66.801,71.303,10.126,62.841,62.319,113.507,76.569,57.146,77.444,11.012,56.413
722,38.917,46.196,81.801,62.058,60.063,8.554,57.492,39.332,40.546,73.632,61.785,53.943,8.336,50.38
723,55.84,66.3285,101.449,66.716,65.805,10.053,17.5,49.672,64.673,113.205,65.663,65.926,8.581,20.798
724,42.353,52.693,78.85,69.05,79.291,6.311,61.309,69.314,130.294,80.38,59.716,81.372,15.907,55.375
725,44.007,40.273,100.082,67.64,64.594,9.64,57.492,42.86,47.496,86.254,60.262,65.872,10.788,43.661
726,67.513,55.377,108.933,88.478,87.109,6.815,23.628,76.612,48.956,110.356,82.303,83.772,12.1595,22.4065
727,43.891,64.138,113.474,65.85,87.189,9.346,82.997,43.54,62.0325,119.143,78.27,127.721,15.768,57.781
728,64.032,55.377,108.31,91.028,79.373,14.695,16.721,78,48.956,110.634,82.303,83.772,12.1595,22.4065
729,49.739,53.151,119.648,122.039,95.762,8.179,75.313,49.755,85.315,109.658,75.321,151.271,15.488,50.572
730,76.278,55.377,108.032,85.102,78.391,15.695,18.25,78.468,48.956,110.88,82.303,83.772,12.1595,22.4065
732,55.127,61.77,128.889,105.541,133.91,11.789,83.453,51.603,83.109,115.793,80.939,194.351,19.434,50.38
733,68.957,55.377,105.549,76.496,90.347,21.905,33.894,78,48.956,108.314,82.303,83.772,12.1595,22.4065
735,65.78,62.441,152.191,118.729,226.46,19.395,77.831,62.906,39.9475,129.674,108.713,234.116,22.86,68.561
737,74.701,76.508,173.501,108.93,250.154,19.309,110.881,61.294,39.9475,140.262,128.854,201.863,19.39,109.84
738,68.962,55.377,101.122,80.214,86.054,11.971,24.064,87.47,48.956,104.56,80.648,80.543,10.268,22.4065
740,60.301,55.377,95.05,78.765,69.575,16.656,23.628,85.968,48.956,104.59,82.303,82.321,7.909,22.4065
742,60.301,55.377,95.529,82.011,66.846,15.727,23.628,78,48.956,102.544,81.544,79.431,12.172,22.4065
743,54.985,55.377,94.905,87.237,71.732,14.002,23.628,78,48.956,98.986,75.88,81.001,9.045,22.4065
745,60.301,55.377,94.687,78.664,69.846,15.253,28.156,53.824,48.956,100.197,79.153,78.934,13.433,24.3
747,52.653,55.377,94.655,80.691,77.325,13.2,19.358,64.777,48.956,99.948,75.231,77.275,15.982,22.4065
748,51.593,55.377,95.938,75.822,77.26,12.158,23.826,63.286,48.956,96.369,70.107,72.136,13.317,22.4065
750,51.486,55.377,90.705,74.419,79.329,7.573,20.585,78,48.956,96.168,82.303,83.772,12.1595,22.4065
752,45.46,59.494,77.589,87.693,100.602,19.47,49.697,49.349,45.228,86.391,89.477,79.833,11.828,61.101
753,52.088,55.377,95.812,72.88,68.206,11.43,9.593,62.019,48.956,96.719,68.896,65.318,8.971,22.4065
754,36.029,40.706,82.827,87.693,100.602,16.03,46.298,50.516,44.012,94.334,84.97,71.395,10.807,61.906
755,49.933,66.3285,100.825,72.989,76.842,13.497,29.379,49.672,64.673,98.195,65.663,65.926,8.581,20.798
756,53.008,55.377,93.472,71.438,71.986,14.362,29.765,78,48.956,93.728,82.303,83.772,12.1595,22.4065
757,45.46,59.494,84.673,65.547,73.575,15.998,50.87,55.446,45.642,99.958,81.677,73.58,10.761,68.472
758,51.377,66.3285,97.265,75.466,63.518,11.385,26.707,49.672,64.673,97.749,65.663,65.926,13.788,22.956
760,56.715,66.3285,94.213,73.297,65.133,8.192,19.19,49.672,64.673,94.371,72.236,62.29,9.614,19.969
761,59.626,66.3285,91.948,70.677,76.301,13.59,26.903,49.672,64.673,97.878,74.759,71.239,11.651,20.798
762,59.646,70.295,101.651,75.753,95.602,16.906,67.892,69.276,56.527,123.383,77.238,101.579,11.44,76.855
763,45.46,59.494,105.376,87.693,100.602,16.498,69.896,68.893,56.643,129.069,85.99,98.088,16.635,77.282
765,45.46,59.494,107.896,91.327,107.181,16.67,67.64,70.728,59.447,134.631,90.274,83.171,14.97,88.78
766,45.46,59.494,120.741,95.576,137.095,12.91,69.876,87.82,69.606,131.481,96.673,131.092,11.634,72.6635
767,41.325,35.679,81.418,69.555,72.832,14.49,21.205,39.386,64.673,80.382,69.638,78.924,11.096,20.798
768,43.726,66.3285,77.831,63.858,73.248,11.5,17.902,43.225,64.673,77.026,64.183,73.475,7.012,20.798
769,55.536,66.3285,95.568,66.925,66.468,10.831,17.5,58.365,64.673,87.196,65.663,65.926,8.581,20.798
770,55.536,66.3285,84.379,66.705,69.862,8.217,17.5,50.126,64.673,84.551,65.663,65.926,8.581,20.798
771,66.259,66.3285,87.77,70.31,71.501,9.006,17.5,49.636,64.673,91.481,65.663,65.926,8.581,20.798
772,67.974,66.3285,80.753,66.258,64.471,5.84,19.876,49.473,64.673,84.613,65.663,62.601,6.595,20.505
773,62.027,66.3285,83.147,65.011,56.169,6.297,18.699,58.617,64.673,84.329,64.759,55.967,5.047,19.496
779,44.872,66.3285,81.445,73.172,66.336,9.66,14.006,52.561,64.673,79.109,71.52,69.499,8.446,17.322
780,42.531,66.3285,82.564,67.745,65.916,5.111,17.083,49.672,64.673,80.933,64.536,69.721,4.848,20.798
781,54.216,66.3285,82.223,66.758,65.934,7.418,17.5,61.431,64.673,78.041,65.663,65.926,8.581,20.798
782,40.097,66.3285,82.443,61.382,60.096,7.282,14.968,58.923,64.673,81.062,64.696,58.906,7.89,23.04
783,55.536,66.3285,76.361,64.563,65.805,10.053,17.5,49.672,64.673,75.047,65.663,65.926,8.581,20.798
784,60.202,66.3285,78.9,64.681,61.429,15.047,18.946,67.912,64.673,82.512,71.45,66.426,6.537,20.798
786,49.88,66.3285,75.121,69.995,61.804,15.226,17.5,49.672,64.673,78.466,68.833,68.394,7.958,20.798
788,43.682,66.3285,79.192,78.122,66.777,12.658,17.5,49.672,64.673,79.262,64.515,68.792,7.017,20.798
790,38.887,66.3285,78.737,65.081,63.239,10.448,17.527,41.58,64.673,81.077,65.626,61.101,14.753,23.937
792,47.679,66.3285,78.208,66.426,65.694,9.89,16.455,41.775,64.673,80.078,66.613,65.381,11.18,17.698
793,46.049,66.3285,80.152,62.96,68.548,8.56,17.819,48.63,64.673,81.349,63.208,66.898,10.496,19.28
795,55.536,66.3285,82.901,59.783,69.488,8.673,17.5,55.145,64.673,82.913,65.663,65.926,8.581,20.798
797,52.023,66.3285,87.571,59.452,64.663,9.656,24.777,59.915,64.673,87.324,57.402,77.889,9.9,20.798
799,55.536,66.3285,94.255,66.387,65.036,11.995,21.248,49.672,64.673,91.239,65.663,65.926,8.581,20.798
801,68.548,66.3285,89.111,59.398,62.39,12.744,25.039,49.672,64.673,89.69,59.77,65.817,8.581,20.798
803,61.263,66.3285,89.168,59.489,58.786,14.827,20.523,59.563,64.673,93.258,60.364,54.663,9.123,14.957
805,60.721,66.3285,88.153,61.789,60.748,8.267,11.971,60.666,64.673,89.051,60.247,55.235,7.985,14.759
807,64.066,66.3285,81.588,64.943,60.598,13.036,18.509,49.672,64.673,85.081,69.297,64.225,7.569,20.798
808,51.885,66.3285,85.439,60.265,60.85,14.995,24.943,47.757,64.673,90.161,66.227,65.059,4.729,25.234
810,61.739,66.3285,80.736,59.654,55.079,11.655,18.008,49.672,64.673,89.069,65.662,67.32,6.649,25.906
813,55.312,66.3285,83.241,66.033,64.676,9.45,17.5,49.888,64.673,86.357,63.401,62.863,11.686,20.798
814,61.275,66.3285,79.869,65.291,57.287,8.731,17.5,51.301,64.673,82.731,61.367,65.926,8.581,20.798
815,65.373,66.3285,81.625,62.103,60.009,13.097,15.51,56.83,64.673,85.403,65.663,65.926,8.581,20.798
816,59.489,66.3285,87.393,62.887,55.229,10.222,15.966,56.159,64.673,88.378,58.615,54.559,5.212,13.793
817,63.629,66.3285,89.833,70.573,59.762,9.602,6.265,64.211,64.673,87.976,67.887,56.336,10.356,12.573
818,58.551,66.3285,74.094,64.425,55.573,10.099,17.5,70.903,64.673,77.734,65.945,61.343,8.547,20.798
819,55.536,66.3285,74.117,66.55,54.277,11.641,10.029,64.722,64.673,76.891,65.802,60.542,8.037,13.424
820,52.49,66.3285,74.46,72.959,59.224,11.148,13.596,66.936,64.673,76.513,64.798,64.099,7.055,17.267
821,47.112,66.3285,70.83,66.902,52.198,9.373,8.981,60.177,64.673,73.977,63.331,58.092,9.074,15.68
822,42.123,66.3285,69.957,67.879,60.742,10.053,12.217,46.958,64.673,72.803,62.878,63.722,9.269,17.532
823,55.536,66.3285,88.942,57.067,84.851,7.35,55.266,49.672,64.673,84.922,56.248,83.917,8.298,55.558
824,55.536,66.3285,76.562,56.347,84.411,7.92,39.455,49.672,64.673,79.958,56.253,87.547,7.887,44.624
825,55.536,66.3285,70.321,54.217,62.395,8.515,17.5,42.846,64.673,71.661,65.663,65.926,2.466,20.798
826,42.026,66.3285,65.548,54.703,65.805,10.053,17.5,35.232,64.673,69.378,65.663,65.926,8.581,20.798
827,55.536,66.3285,68.07,66.716,65.805,10.053,17.5,49.672,64.673,72.114,65.663,65.926,8.581,20.798
828,55.536,66.3285,65.238,66.716,65.805,10.053,17.5,49.672,64.673,67.881,65.663,65.926,8.581,20.798
829,48.153,66.3285,65.761,52.415,49.217,4.295,15.227,45.942,64.673,67.538,65.663,65.926,8.581,20.798
830,39.345,66.3285,66.174,54.05,56.245,4.866,8.21,33.283,64.673,68.933,56.157,52.631,6.809,16.234
832,55.536,66.3285,62.709,49.944,66.915,10.053,17.5,49.672,64.673,65.56,51.073,65.751,8.581,20.798
833,41.532,66.3285,65.408,52.416,54.733,6.967,15.505,42.36,64.673,65.164,54.655,55.766,3.539,20.798
834,55.536,66.3285,66.145,52.677,57.181,7.079,19.014,49.672,64.673,63.797,53.706,61.848,5.536,23.126
835,35.807,66.3285,63.768,50.876,66.102,3.917,18.794,49.672,64.673,64.684,51.509,70.192,7.179,23.303
836,26.958,25.823,49.767,39.19,97.639,6.289,58.668,25.053,26.262,50.322,35.917,60.277,6.731,47.996
837,30.057,26.603,54.619,37.154,97.639,6.289,58.668,30.868,23.17,56.34,31.688,67.299,6.731,34.099
838,34.891,34.337,79.778,42.954,99.892,6.289,58.668,36.298,36.372,69.302,44.812,81.148,5.921,47.996
839,30.221,28.288,60.388,49.876,76.542,6.289,58.668,29.251,30.634,59.036,43.29,64.108,6.731,47.996
840,35.59,45.502,90.908,52.346,97.639,6.289,58.668,46.812,42.463,77.718,51.756,88.446,7.003,55.51
841,32.827,39.462,69.167,42.954,97.639,6.289,58.668,35.735,36.101,59.531,43.29,67.299,6.731,47.996
843,36.677,66.3285,57.298,51.786,61.363,9.048,13.4,36.445,64.673,58.65,52.995,60.346,8.286,20.798
845,39.052,66.3285,62.59,51.168,57.811,7.385,17.5,35.219,64.673,63.7,51.341,56.655,9.832,20.798
847,55.536,66.3285,63.646,49.734,56.345,7.238,17.5,49.672,64.673,64.805,65.663,65.926,8.581,20.798
848,55.536,66.3285,73.638,51.051,52.494,6.405,17.5,32,64.673,68.755,50.828,52.899,3.716,20.798
849,35.615,66.3285,66.981,51.89,55.191,6.863,17.5,44.996,64.673,66.559,49.967,50.319,8.511,20.798
850,55.536,66.3285,64.8,52.85,52.588,5.41,17.273,38.896,64.673,64.916,51.497,65.926,8.581,20.798
851,55.536,66.3285,69.007,54.647,54.154,5.336,11.542,49.672,64.673,69.074,50.482,54.2,4.773,20.798
852,55.536,66.3285,69.329,54.047,52.089,5.919,10.31,49.672,64.673,66.243,51.901,52.191,4.815,17.948
853,40.555,66.3285,64.435,52.784,57.551,4.314,9.306,33.492,64.673,62.744,54.361,56.603,3.334,20.798
854,55.536,66.3285,60.816,50.481,58.46,7.844,17.5,37.241,64.673,60.687,51.1,57.619,8.581,20.798
855,39.498,66.3285,66.325,52.958,50.837,4.975,5.699,57.193,64.673,65.811,54.763,51.914,2.974,20.798
856,36.384,66.3285,66.51,52.875,54.606,12.262,14.231,38.01,64.673,63.487,52.412,58.357,4.376,21.091
857,33.496,66.3285,66.023,55.554,47.28,8.777,10.964,49.672,64.673,65.609,54.167,55.509,5.771,20.798
858,55.536,66.3285,68.138,51.723,52.916,3.287,10.437,39.044,64.673,66.563,49.998,54.336,8.422,14.319
859,55.536,66.3285,66.147,48.108,60.095,7.148,27.073,49.672,64.673,63.566,48.353,58.887,5.696,34.491
860,55.536,66.3285,66.115,53.556,63.258,10.161,18.746,34.606,64.673,66.153,51.932,64.981,7.017,22.946
861,55.536,66.3285,66.893,50.687,51.244,7.796,17.5,45.788,64.673,66.087,56.533,52.606,8.402,20.798
862,36.54,66.3285,63.9,53.296,48.254,3.058,17.5,30.708,64.673,64.064,51.249,49.623,5.975,20.798
863,55.536,66.3285,64.681,56.073,52.016,9.113,8.596,49.672,64.673,65.486,58.025,58.109,7.476,20.798
864,55.536,66.3285,65.567,53.135,53.592,5.259,9.046,49.672,64.673,66.241,56.721,57.84,7.683,20.798
865,30.709,66.3285,65.832,50.833,49.45,4.981,15.001,49.672,64.673,66.127,50.851,51.201,4.526,17.5
866,55.536,66.3285,67.576,48.661,53.146,5.79,20.809,49.672,64.673,68.517,51.764,57.463,5.093,27.055
867,55.536,66.3285,71.802,51.938,60.773,7.952,17.5,33.089,64.673,66.161,51.021,64.354,8.904,20.798
868,55.536,66.3285,64.524,52.34,55.513,5.308,10.721,41.229,64.673,61.454,55.384,54.992,4.585,16.813
873,46.228,38.383,88.415,68.0195,76.6525,10.902,29.308,42.735,67.204,97.804,63.051,66.55,6.716,32.039
874,46.5385,40.391,88.818,62.16,81.879,7.929,29.308,47.202,51.037,95.529,65.2315,68.037,8.2695,41.4635
875,44.318,59.264,91.33,74.439,76.523,10.902,29.308,52.334,68.982,93.193,63.157,69.046,14.426,52.255
876,49.064,40.391,84.544,88.663,76.782,11.505,29.308,42.868,67.74,91.288,65.734,67.481,8.466,44.897
877,42.505,37.101,80.795,72.636,67.484,10.855,25.091,41.551,49.67,91.06,60.661,68.593,9.158,38.03
878,44.246,37.32,90.205,67.499,54.998,9.022,29.308,43.091,55.333,96.669,64.729,52.663,8.073,32.157
879,46.942,40.391,85.463,65.551,63.844,10.902,19.12,47.071,74.35,96.75,73.588,64.241,10.657,24.75
880,48.25,50.121,85.071,68.54,81.721,12.871,51.753,48.101,34.722,98.244,69.474,86.041,6.85,60.506
881,46.849,66.684,90.41,64.668,120.094,12.889,57.075,66.168,99.288,96.197,71.005,91.823,6.764,76.068
